# X,Y,Z
9.284368515014648438e+00,9.589922904968261719e+00,2.017505645751953125e+01
8.166171073913574219e+00,-3.832105636596679688e+01,3.494610595703125000e+01
9.595008850097656250e+00,5.399934768676757812e+00,2.038007545471191406e+01
-1.444415569305419922e+01,1.091698551177978516e+01,2.551181602478027344e+01
-5.127329635620117188e+01,8.304522514343261719e+00,3.116996955871582031e+01
9.515063285827636719e+00,9.720396995544433594e+00,1.366020488739013672e+01
9.663742065429687500e+00,9.063915252685546875e+00,1.383669567108154297e+01
8.808928489685058594e+00,9.795663833618164062e+00,6.498229980468750000e+00
4.535736083984375000e+00,9.949711799621582031e+00,6.148904323577880859e+00
-4.032298660278320312e+01,9.706344604492187500e+00,2.403449821472167969e+01
5.373516082763671875e+00,9.840180397033691406e+00,1.249175548553466797e+01
9.858139991760253906e+00,-4.774733352661132812e+01,1.364466762542724609e+01
-1.051459121704101562e+01,-6.405321502685546875e+01,1.639046478271484375e+01
-2.416386795043945312e+01,-5.202089309692382812e+01,8.683022499084472656e+00
-6.889499664306640625e+01,-3.734573364257812500e+00,5.800274372100830078e+00
1.012835884094238281e+01,-1.669216346740722656e+01,5.852131843566894531e+00
-5.984768390655517578e+00,-6.680351257324218750e+01,8.936526298522949219e+00
8.975852966308593750e+00,-3.039036560058593750e+01,3.380740737915039062e+01
9.592122077941894531e+00,7.147787570953369141e+00,1.416875362396240234e+01
9.243413925170898438e+00,-5.493747329711914062e+01,1.394231224060058594e+01
7.442398071289062500e+00,-6.037675476074218750e+01,1.538376808166503906e+00
8.452330589294433594e+00,-2.774902153015136719e+01,1.997171783447265625e+01
-4.920423126220703125e+01,8.974637031555175781e+00,2.386386108398437500e+01
-7.067157745361328125e+01,-1.986427009105682373e-01,1.828407478332519531e+01
6.851683616638183594e+00,-6.358207702636718750e+01,1.824413418769836426e+00
1.044921970367431641e+01,-7.004176139831542969e+00,7.001931667327880859e+00
7.828110694885253906e+00,-5.534897232055664062e+01,1.221978187561035156e+00
5.377186298370361328e+00,-6.730285644531250000e+01,2.825446510314941406e+01
1.026883029937744141e+01,-6.037489414215087891e+00,7.095241546630859375e+00
9.736235618591308594e+00,9.030576705932617188e+00,2.687806892395019531e+01
9.510372161865234375e+00,-5.733591079711914062e+00,2.102803611755371094e+01
4.311827182769775391e+00,9.928316116333007812e+00,6.143630027770996094e+00
5.635607719421386719e+00,1.051143360137939453e+01,7.320611476898193359e-01
-7.928040981292724609e+00,-6.969381713867187500e+01,1.689765548706054688e+01
-6.548848724365234375e+01,-1.070415496826171875e+01,3.215625000000000000e+01
-1.228701782226562500e+01,-6.700144195556640625e+01,2.708135795593261719e+01
6.338526725769042969e+00,-6.207652664184570312e+01,3.580374526977539062e+01
-5.836616897583007812e+01,-2.143900299072265625e+01,1.854359245300292969e+01
1.831742405891418457e+00,-7.049434661865234375e+01,3.521308135986328125e+01
7.403182506561279297e+00,-6.111759567260742188e+01,9.036154747009277344e+00
-7.280123138427734375e+01,5.898508548736572266e+00,1.278042030334472656e+01
-8.133476972579956055e-01,9.158722877502441406e+00,1.832028770446777344e+01
3.049073457717895508e+00,-6.886193847656250000e+01,1.023915958404541016e+01
7.176709651947021484e+00,1.017215251922607422e+01,1.956227302551269531e+01
7.403585910797119141e+00,-6.138572311401367188e+01,1.431583881378173828e+01
8.164155006408691406e+00,1.055456066131591797e+01,3.337537002563476562e+01
-1.922048330307006836e+00,-6.887168884277343750e+01,1.157392597198486328e+01
1.310694694519042969e+00,9.605174064636230469e+00,1.228554630279541016e+01
6.319200515747070312e+00,1.049948787689208984e+01,6.725541353225708008e-01
9.989937782287597656e+00,-5.185434341430664062e+01,2.739396095275878906e+01
-7.373789215087890625e+01,3.646433830261230469e+00,2.381968688964843750e+01
-4.031150817871093750e+01,-3.190090179443359375e+01,1.865597534179687500e+01
-5.535427856445312500e+01,-2.098185348510742188e+01,3.862265348434448242e+00
-6.945107269287109375e+01,6.455126762390136719e+00,1.761159515380859375e+01
-2.312913656234741211e+00,9.124820709228515625e+00,1.843991661071777344e+01
4.412318229675292969e+00,9.937729835510253906e+00,6.145316600799560547e+00
9.611639976501464844e+00,-3.774953460693359375e+01,7.900495052337646484e+00
1.028219127655029297e+01,3.963217735290527344e-01,9.311626553535461426e-01
4.481793403625488281e+00,-6.732034301757812500e+01,9.664685249328613281e+00
-4.899646759033203125e+01,8.914692878723144531e+00,1.205990409851074219e+01
6.126788139343261719e+00,-6.279521560668945312e+01,3.588132095336914062e+01
6.495765686035156250e+00,-6.447698974609375000e+01,1.928358674049377441e+00
8.948271751403808594e+00,-3.801661300659179688e+01,2.081260681152343750e+01
1.040221881866455078e+01,7.120933055877685547e+00,9.760612249374389648e-01
-4.080061340332031250e+01,-3.386588668823242188e+01,5.518367767333984375e+00
-2.981921577453613281e+01,-4.432921218872070312e+01,1.013175868988037109e+01
5.439937591552734375e+00,-6.662207031250000000e+01,1.477008056640625000e+01
-3.867218017578125000e+01,-3.888897705078125000e+01,2.387124824523925781e+01
1.035600376129150391e+01,2.710091352462768555e+00,9.048492908477783203e-01
-4.009051513671875000e+01,9.730952262878417969e+00,2.407198524475097656e+01
-5.976260757446289062e+01,7.561126708984375000e+00,1.854078674316406250e+01
9.875567436218261719e+00,-1.334651851654052734e+01,2.012924766540527344e+01
9.159164428710937500e+00,-4.994066238403320312e+01,8.577863693237304688e+00
-4.558032035827636719e+00,1.020514965057373047e+01,2.595748329162597656e+01
7.981139183044433594e+00,9.941336631774902344e+00,6.406178474426269531e+00
-7.360897064208984375e+01,6.386976718902587891e+00,2.011495208740234375e+01
1.026626014709472656e+01,-5.470054149627685547e+00,2.715469360351562500e+01
-2.428027725219726562e+01,-5.184329605102539062e+01,8.724554061889648438e+00
9.608325958251953125e+00,-8.364681243896484375e+00,1.460373115539550781e+01
7.961671829223632812e+00,-2.109542274475097656e+01,2.664348363876342773e+00
-6.391246032714843750e+01,7.103492736816406250e+00,1.822044944763183594e+01
-6.234539794921875000e+01,-1.178291988372802734e+01,2.963580846786499023e+00
9.563540458679199219e+00,4.933299541473388672e+00,8.093400001525878906e+00
9.720017433166503906e+00,9.144034385681152344e+00,6.777300357818603516e+00
9.435627937316894531e+00,8.731239318847656250e+00,2.024253082275390625e+01
-7.146985626220703125e+01,4.921700954437255859e+00,3.060479164123535156e+01
-3.151870918273925781e+01,-4.070660781860351562e+01,1.748059272766113281e+01
7.478680610656738281e+00,1.046068000793457031e+01,6.298394799232482910e-01
1.014978122711181641e+01,-2.823267221450805664e+00,2.743334007263183594e+01
-1.870408439636230469e+01,-6.006093215942382812e+01,3.932537317276000977e+00
-1.931908226013183594e+01,1.113568401336669922e+01,2.533416175842285156e+01
1.007905101776123047e+01,-4.669015121459960938e+01,1.989730644226074219e+01
-6.408851623535156250e+01,-9.211153984069824219e+00,3.576708555221557617e+00
-5.919466400146484375e+01,8.296242713928222656e+00,5.860895156860351562e+00
-4.002647399902343750e+01,9.187027931213378906e+00,1.746892929077148438e+01
-2.219574689865112305e+00,1.003395652770996094e+01,2.612155342102050781e+01
4.292921543121337891e+00,-6.922312164306640625e+01,1.999826240539550781e+01
1.074332332611083984e+01,-7.620338916778564453e+00,8.854360580444335938e-01
-6.901458740234375000e+01,6.559067249298095703e+00,1.771339988708496094e+01
1.758360981941223145e+00,-7.256783294677734375e+01,2.755406188964843750e+01
8.909419059753417969e+00,1.045217704772949219e+01,3.335028457641601562e+01
9.012352943420410156e+00,-1.572264671325683594e+01,1.595625638961791992e+00
9.049805641174316406e+00,3.381262540817260742e+00,1.454760646820068359e+01
-8.756991386413574219e+00,-6.971637725830078125e+01,2.660481452941894531e+01
1.434522628784179688e+00,-7.258000946044921875e+01,1.626530265808105469e+01
8.451716423034667969e+00,-2.999735260009765625e+01,3.260885953903198242e+00
1.039777278900146484e+01,7.086016178131103516e+00,9.749889969825744629e-01
-5.460744094848632812e+01,-2.554884529113769531e+01,2.237888336181640625e+01
-7.049818420410156250e+01,-2.398897171020507812e+00,5.827853202819824219e+00
-9.847786903381347656e+00,9.643315315246582031e+00,5.754826545715332031e+00
-6.848953247070312500e+01,5.672573566436767578e+00,3.068571472167968750e+01
1.027346706390380859e+01,-1.372069835662841797e+01,6.279531478881835938e+00
9.597294807434082031e+00,7.156267642974853516e+00,1.416871643066406250e+01
-7.164446258544921875e+01,6.571128964424133301e-01,5.724605560302734375e+00
5.342769622802734375e+00,1.051688289642333984e+01,7.612626552581787109e-01
-6.297954559326171875e+01,-1.100434398651123047e+01,3.085166692733764648e+00
-5.191131830215454102e-01,8.763714790344238281e+00,6.015109062194824219e+00
9.467633247375488281e+00,-1.310665607452392578e-01,8.046542167663574219e+00
-2.675251579284667969e+01,-4.808976745605468750e+01,2.260818672180175781e+01
1.030313777923583984e+01,7.696976661682128906e-01,9.412750005722045898e-01
-5.564176177978515625e+01,8.098407745361328125e+00,2.448564910888671875e+01
9.482304573059082031e+00,-4.360132980346679688e+01,1.372821140289306641e+01
-8.981121063232421875e+00,1.008658695220947266e+01,1.856505775451660156e+01
-6.989978027343750000e+01,6.188982009887695312e+00,2.511164665222167969e+01
1.875322461128234863e+00,-7.226047515869140625e+01,1.617080879211425781e+01
5.944943428039550781e+00,-6.631588745117187500e+01,2.829274177551269531e+01
-1.121836376190185547e+01,1.034555530548095703e+01,1.863019752502441406e+01
9.219745635986328125e+00,2.966315031051635742e+00,8.195620536804199219e+00
7.335480690002441406e+00,-6.147475433349609375e+01,1.631182551383972168e+00
1.043658256530761719e+01,3.478872776031494141e+00,9.085907936096191406e-01
9.548873901367187500e+00,-1.540253543853759766e+01,1.987532234191894531e+01
-6.851439666748046875e+01,-3.727704048156738281e+00,1.688445663452148438e+01
8.413173675537109375e+00,1.026136493682861328e+01,1.990318298339843750e+01
3.385078430175781250e+00,1.014056873321533203e+01,3.333125305175781250e+01
-2.636030960083007812e+01,-4.897558975219726562e+01,9.034366607666015625e+00
9.446002960205078125e+00,1.025203227996826172e+01,3.338201904296875000e+01
-4.736618041992187500e+01,9.286816596984863281e+00,2.376200675964355469e+01
-6.874691009521484375e+01,-3.870348930358886719e+00,5.756943225860595703e+00
-6.106013488769531250e+01,8.205842018127441406e+00,5.922399044036865234e+00
-7.425203323364257812e+00,-6.644399261474609375e+01,3.510555648803710938e+01
-5.296868133544921875e+01,7.928636074066162109e+00,5.145344734191894531e+00
7.995782852172851562e+00,1.018814754486083984e+01,1.296920108795166016e+01
1.057986259460449219e+01,-9.937685966491699219e+00,6.844240665435791016e+00
-7.113195037841796875e+01,-2.720577239990234375e+00,2.228533363342285156e+01
7.878025531768798828e+00,-5.418804550170898438e+01,1.177913784980773926e+00
-6.300525283813476562e+01,-1.100213718414306641e+01,3.089008092880249023e+00
9.685818672180175781e+00,9.246020317077636719e+00,6.745053291320800781e+00
-3.207746124267578125e+01,1.068504238128662109e+01,3.224057388305664062e+01
-5.818858718872070312e+01,8.119881629943847656e+00,1.151212501525878906e+01
-7.302639007568359375e+01,-1.405962347984313965e+00,1.219625282287597656e+01
-6.857105255126953125e+01,-8.283864974975585938e+00,2.283896446228027344e+01
9.794577598571777344e+00,7.496417522430419922e+00,2.710296440124511719e+01
8.257012367248535156e+00,1.054331684112548828e+01,3.337065887451171875e+01
5.897745609283447266e+00,1.005496501922607422e+01,6.226485252380371094e+00
6.683546543121337891e+00,-6.083750152587890625e+01,3.570975875854492188e+01
9.174784660339355469e+00,-1.513541412353515625e+01,3.328148651123046875e+01
5.202190399169921875e+00,9.813124656677246094e+00,1.247324562072753906e+01
7.804114341735839844e+00,1.026134109497070312e+01,1.973362922668457031e+01
4.376665115356445312e+00,9.937247276306152344e+00,6.144211769104003906e+00
-6.349644470214843750e+01,-1.182008361816406250e+01,1.157043743133544922e+01
-7.688065052032470703e+00,-7.024910736083984375e+01,2.651416587829589844e+01
-1.147659969329833984e+01,-6.320121383666992188e+01,1.639855766296386719e+01
9.652988433837890625e+00,7.123322010040283203e+00,7.291354179382324219e+00
-1.912400436401367188e+01,1.096187114715576172e+01,3.287230682373046875e+01
-2.519154548645019531e+01,-4.984478378295898438e+01,2.902570533752441406e+01
7.446184635162353516e+00,-5.791748428344726562e+01,3.555562591552734375e+01
-7.074273681640625000e+01,8.435679435729980469e+00,1.292385864257812500e+01
-6.446605682373046875e+01,7.778422355651855469e+00,5.799271583557128906e+00
-6.911775970458984375e+01,4.911866664886474609e+00,5.733850479125976562e+00
-4.515010070800781250e+01,-3.306699752807617188e+01,3.281995391845703125e+01
-4.126549530029296875e+01,9.926489830017089844e+00,3.135665321350097656e+01
-6.832969665527343750e+01,-5.857577800750732422e+00,1.151430320739746094e+01
-3.249671173095703125e+01,9.202498435974121094e+00,1.238874626159667969e+01
-4.201029205322265625e+01,-3.077987480163574219e+01,1.873593330383300781e+01
-1.727556037902832031e+01,-5.904120635986328125e+01,8.466464042663574219e+00
1.864919066429138184e+00,9.639516830444335938e+00,1.228216648101806641e+01
-5.996456146240234375e+01,-2.026754379272460938e+01,1.821957015991210938e+01
9.162199974060058594e+00,-3.225734233856201172e+00,3.328913497924804688e+01
9.299063682556152344e+00,3.411373376846313477e+00,8.207992553710937500e+00
-3.492932891845703125e+01,-3.790757751464843750e+01,1.096979808807373047e+01
8.661437034606933594e+00,-5.547195816040039062e+01,1.981477928161621094e+01
1.006154632568359375e+01,-2.624399185180664062e+01,6.750312805175781250e+00
-6.554970550537109375e+01,-1.061513996124267578e+01,3.213990402221679688e+01
-5.979816436767578125e+00,9.090350151062011719e+00,1.188388919830322266e+01
-2.345989799499511719e+01,-5.244241333007812500e+01,2.272651100158691406e+01
6.726628303527832031e+00,-6.388424682617187500e+01,1.856664657592773438e+00
-4.800331115722656250e+01,-2.775187873840332031e+01,5.254775047302246094e+00
-1.271876430511474609e+01,-6.908447265625000000e+01,2.151835823059082031e+01
-1.392958736419677734e+01,-6.471163177490234375e+01,2.284214973449707031e+01
-6.317106628417968750e+01,-1.387698268890380859e+01,3.212096405029296875e+01
9.387989044189453125e+00,-4.246870803833007812e+01,1.376956176757812500e+01
9.125205039978027344e+00,-3.919248580932617188e+01,1.374639034271240234e+01
-2.873811531066894531e+01,-4.553911209106445312e+01,2.289509391784667969e+01
-7.275865936279296875e+01,1.139159083366394043e+00,2.994337272644042969e+01
9.171525955200195312e+00,-5.368655776977539062e+01,1.982258415222167969e+01
1.030283737182617188e+01,1.630726099014282227e+00,9.300660490989685059e-01
9.578680992126464844e+00,5.117650032043457031e+00,8.046677589416503906e+00
-6.863370513916015625e+01,-4.626055240631103516e+00,1.642641448974609375e+01
9.121682167053222656e+00,1.012220668792724609e+01,1.341495323181152344e+01
-2.277825832366943359e+00,1.004416370391845703e+01,2.612425613403320312e+01
9.535791397094726562e+00,-4.831975936889648438e+01,8.394237518310546875e+00
8.588806152343750000e+00,1.051107406616210938e+01,3.335600662231445312e+01
-7.039801788330078125e+01,-2.493209838867187500e+00,5.844579696655273438e+00
-1.062444114685058594e+01,9.758682250976562500e+00,5.858590602874755859e+00
9.027361869812011719e+00,-5.405934524536132812e+01,1.981128120422363281e+01
4.184144496917724609e+00,1.020569801330566406e+01,3.341324996948242188e+01
-5.799765777587890625e+01,-1.805884933471679688e+01,1.154214572906494141e+01
-3.836489105224609375e+01,8.615422248840332031e+00,1.253814029693603516e+01
-1.384530162811279297e+01,1.022416305541992188e+01,5.715179920196533203e+00
-6.950180816650390625e+01,-4.881085872650146484e+00,1.145474052429199219e+01
9.773874282836914062e+00,-2.952299880981445312e+01,7.286273956298828125e+00
2.196975052356719971e-01,-6.967064666748046875e+01,1.099036312103271484e+01
1.038449764251708984e+01,7.241867542266845703e+00,9.814216494560241699e-01
-7.598225593566894531e+00,-6.574234771728515625e+01,9.278648376464843750e+00
9.206762313842773438e+00,1.006037998199462891e+01,1.346278667449951172e+01
4.412718772888183594e+00,-6.738973236083984375e+01,9.695696830749511719e+00
-3.134567070007324219e+01,-4.486497116088867188e+01,4.291945457458496094e+00
-3.911009979248046875e+01,9.188514709472656250e+00,1.744654655456542969e+01
9.800139427185058594e+00,7.997590541839599609e+00,2.705129814147949219e+01
1.056840515136718750e+01,-1.018963241577148438e+01,6.813977718353271484e+00
9.373522758483886719e+00,9.243877410888671875e+00,2.021124839782714844e+01
4.644062519073486328e+00,9.775622367858886719e+00,1.243915271759033203e+01
-7.251058959960937500e+01,2.505697906017303467e-01,2.975026702880859375e+01
-3.094564437866210938e+01,-4.132388305664062500e+01,1.739919853210449219e+01
-7.268732452392578125e+01,8.574783802032470703e-01,2.986995887756347656e+01
-7.221652221679687500e+01,4.076567173004150391e+00,2.028915405273437500e+01
-3.234390640258789062e+01,9.240841865539550781e+00,1.238981628417968750e+01
9.499702453613281250e+00,2.733922243118286133e+00,3.373208618164062500e+01
9.865378379821777344e+00,9.202542304992675781e+00,9.600577354431152344e-01
-5.265999603271484375e+01,8.421854972839355469e+00,2.409420776367187500e+01
-3.572233617305755615e-01,9.193296432495117188e+00,1.834290885925292969e+01
-2.444606781005859375e+01,9.900376319885253906e+00,1.225795459747314453e+01
8.257513999938964844e+00,9.889080047607421875e+00,6.434676170349121094e+00
-1.586306285858154297e+01,-6.354274368286132812e+01,2.697461128234863281e+01
-6.126966094970703125e+01,-1.633645248413085938e+01,3.273211288452148438e+01
-6.934594726562500000e+01,-3.345508098602294922e+00,5.885800361633300781e+00
-2.376235961914062500e+01,-5.212208938598632812e+01,2.266660881042480469e+01
-4.576005935668945312e+00,1.019414520263671875e+01,2.595174980163574219e+01
8.692376136779785156e+00,9.817139625549316406e+00,6.484737396240234375e+00
9.486146926879882812e+00,-1.682756304740905762e+00,1.462952518463134766e+01
-7.384974670410156250e+01,-5.462612956762313843e-02,1.251240634918212891e+01
4.445722401142120361e-01,9.530217170715332031e+00,1.231877231597900391e+01
-4.219197082519531250e+01,-3.014586257934570312e+01,1.199449920654296875e+01
9.783692359924316406e+00,8.124691963195800781e+00,7.039870262145996094e+00
-6.810493469238281250e+01,6.156500339508056641e+00,5.724816322326660156e+00
-2.652608871459960938e+01,-4.875825881958007812e+01,9.053149223327636719e+00
8.941740989685058594e+00,-3.788967514038085938e+01,2.081369018554687500e+01
-7.351774597167968750e+01,1.962438344955444336e+00,2.299679374694824219e+01
-5.689634323120117188e+01,7.971803188323974609e+00,2.464258003234863281e+01
9.968620300292968750e+00,-2.220461273193359375e+01,2.634786605834960938e+01
-6.659936428070068359e+00,9.606072425842285156e+00,1.846615409851074219e+01
-1.605253028869628906e+01,1.059663486480712891e+01,5.689679145812988281e+00
1.000108051300048828e+01,-1.227079486846923828e+01,1.398107337951660156e+01
8.934408187866210938e+00,-3.780286407470703125e+01,2.081314468383789062e+01
9.071022033691406250e+00,-5.586233901977539062e+01,1.401361274719238281e+01
3.350894927978515625e+00,-7.051809692382812500e+01,1.570713996887207031e+01
-2.646076202392578125e+01,-4.890179824829101562e+01,1.657914161682128906e+01
-6.513961553573608398e-01,9.826576232910156250e+00,2.601549720764160156e+01
9.993969917297363281e+00,-1.099516201019287109e+01,2.678185272216796875e+01
9.233010292053222656e+00,-4.069149398803710938e+01,2.065970802307128906e+01
-9.733555793762207031e+00,1.057832527160644531e+01,3.269059371948242188e+01
2.231839656829833984e+00,-6.941341400146484375e+01,1.047534275054931641e+01
1.013505172729492188e+01,-7.036273479461669922e-01,2.749550056457519531e+01
5.130308151245117188e+00,9.822741508483886719e+00,1.246790599822998047e+01
9.770537376403808594e+00,8.852458953857421875e+00,2.691576957702636719e+01
9.820906639099121094e+00,-8.574032783508300781e+00,2.696137619018554688e+01
-4.008756256103515625e+01,-3.464619827270507812e+01,5.427309036254882812e+00
-1.276727199554443359e+01,1.006943607330322266e+01,5.837957859039306641e+00
-4.861967468261718750e+01,-3.231052398681640625e+01,2.282532310485839844e+01
6.357910633087158203e+00,1.000233364105224609e+01,1.933383369445800781e+01
8.059484481811523438e+00,-5.788512039184570312e+01,9.047430992126464844e+00
1.019173049926757812e+01,-1.183357334136962891e+01,2.683344459533691406e+01
-5.351013946533203125e+01,-2.655228805541992188e+01,2.237887382507324219e+01
-6.629082489013671875e+01,-9.704688072204589844e+00,3.191420936584472656e+01
1.137533068656921387e+00,9.205320358276367188e+00,1.849837112426757812e+01
-3.630873107910156250e+01,9.197731971740722656e+00,1.756732749938964844e+01
1.010964870452880859e+01,-2.245126342773437500e+01,6.168760299682617188e+00
3.198255598545074463e-01,-7.362209320068359375e+01,2.719434738159179688e+01
5.835211753845214844e+00,-6.378957748413085938e+01,3.598211288452148438e+01
8.768995285034179688e+00,-5.217129898071289062e+01,8.858668327331542969e+00
1.026301479339599609e+01,-1.403161525726318359e+01,6.255924224853515625e+00
-2.267635154724121094e+01,1.018830585479736328e+01,1.228312397003173828e+01
-4.010302352905273438e+01,-3.716078567504882812e+01,3.245141220092773438e+01
-7.196665191650390625e+01,-1.023033499717712402e+00,2.978900337219238281e+01
6.239247322082519531e+00,1.050030994415283203e+01,6.786542534828186035e-01
-7.369174957275390625e+01,2.596628427505493164e+00,2.330461883544921875e+01
-4.026763916015625000e+01,-3.694829940795898438e+01,3.261903381347656250e+01
-5.265010070800781250e+01,8.416870117187500000e+00,2.409300422668457031e+01
9.543931007385253906e+00,1.456135153770446777e+00,3.358852005004882812e+01
9.845011711120605469e+00,-1.290903377532958984e+01,1.304458618164062500e+00
-1.349190807342529297e+01,-6.877759552001953125e+01,2.074314117431640625e+01
9.372667312622070312e+00,9.294529914855957031e+00,2.020849418640136719e+01
-7.240883636474609375e+01,-2.917852252721786499e-02,2.972204017639160156e+01
9.632254600524902344e+00,-5.058679580688476562e+01,1.359239959716796875e+01
9.453790664672851562e+00,9.833630561828613281e+00,1.361294651031494141e+01
4.081032752990722656e+00,9.524073600769042969e+00,1.879739570617675781e+01
8.614453315734863281e+00,-2.290617179870605469e+01,1.977898979187011719e+01
-6.606899261474609375e+01,-9.960444450378417969e+00,3.198022651672363281e+01
9.329186439514160156e+00,-2.668066024780273438e+01,3.339042282104492188e+01
8.307199478149414062e+00,1.053834438323974609e+01,3.336798477172851562e+01
6.409191608428955078e+00,9.959200859069824219e+00,2.599851417541503906e+01
7.496020793914794922e+00,-5.956499099731445312e+01,1.469991326332092285e+00
1.003121852874755859e+01,8.789892196655273438e+00,3.376123046875000000e+01
-2.976569652557373047e+00,8.668481826782226562e+00,5.948816776275634766e+00
-2.162258338928222656e+01,-5.551628112792968750e+01,8.064972877502441406e+00
-1.308826160430908203e+01,1.042851543426513672e+01,1.233263492584228516e+01
8.892944335937500000e+00,-3.159698295593261719e+01,1.351244449615478516e+01
1.029894447326660156e+01,-4.799913883209228516e+00,2.728487014770507812e+01
-7.334741973876953125e+01,-9.393764734268188477e-01,1.233229255676269531e+01
-2.719698905944824219e+01,-4.747024536132812500e+01,2.267502403259277344e+01
-2.615817642211914062e+01,-4.960487747192382812e+01,1.623483085632324219e+01
4.053966522216796875e+00,9.648169517517089844e+00,2.581016540527343750e+01
9.666627883911132812e+00,9.316862106323242188e+00,2.681035041809082031e+01
8.723169326782226562e+00,-3.551515197753906250e+01,2.073159980773925781e+01
3.149211883544921875e+00,-7.078713226318359375e+01,1.578014659881591797e+01
8.970456123352050781e+00,1.006979942321777344e+01,7.669612169265747070e-01
6.379596233367919922e+00,-6.416675567626953125e+01,1.447419834136962891e+01
-1.559159183502197266e+01,-6.044954681396484375e+01,1.576527881622314453e+01
9.807917594909667969e+00,-9.917302131652832031e-01,2.059325218200683594e+01
-6.389694976806640625e+01,-1.085633754730224609e+01,1.168033123016357422e+01
9.249507904052734375e+00,9.916901588439941406e+00,2.661148834228515625e+01
9.820906639099121094e+00,5.271920680999755859e+00,3.419435501098632812e+01
-2.248654514551162720e-02,-7.372219085693359375e+01,2.713677024841308594e+01
-7.283722686767578125e+01,1.610328674316406250e+00,3.008461570739746094e+01
-1.132273197174072266e+01,1.094534206390380859e+01,2.584734916687011719e+01
9.765462875366210938e+00,9.367186546325683594e+00,9.348862767219543457e-01
1.049482536315917969e+01,5.689783096313476562e+00,9.318256378173828125e-01
-1.086934566497802734e+01,-6.374335098266601562e+01,1.639583396911621094e+01
-4.550690460205078125e+01,-2.858898162841796875e+01,1.888054084777832031e+01
-1.244348049163818359e+01,-6.826509857177734375e+01,1.407823753356933594e+01
-5.636645126342773438e+01,7.839618206024169922e+00,1.840547943115234375e+01
9.939145088195800781e+00,-1.251720237731933594e+01,1.265410423278808594e+00
-3.029284095764160156e+01,1.084412956237792969e+01,3.232539749145507812e+01
7.779317855834960938e+00,-5.626720046997070312e+01,1.265475869178771973e+00
8.443724632263183594e+00,-2.693805694580078125e+01,1.988993453979492188e+01
9.381544113159179688e+00,-2.185379409790039062e+01,3.356657791137695312e+01
9.868475198745727539e-01,-7.074033355712890625e+01,3.516494369506835938e+01
9.439425468444824219e+00,9.547162055969238281e+00,6.631997108459472656e+00
-5.136396408081054688e+00,1.021022415161132812e+01,2.587139129638671875e+01
-1.531256961822509766e+01,1.090090084075927734e+01,2.542085266113281250e+01
9.768363952636718750e+00,7.089101314544677734e+00,2.713246345520019531e+01
-4.061741638183593750e+01,-3.651541519165039062e+01,3.284760665893554688e+01
-5.414333724975585938e+01,8.002013206481933594e+00,5.298516273498535156e+00
-5.637142944335937500e+01,-1.966824150085449219e+01,3.528763532638549805e+00
9.507137298583984375e+00,7.146045684814453125e+00,2.033708763122558594e+01
9.819421768188476562e+00,-9.722940444946289062e+00,2.684265708923339844e+01
2.181765317916870117e+00,9.560347557067871094e+00,6.095718383789062500e+00
7.185794115066528320e-01,9.784344673156738281e+00,2.589877510070800781e+01
1.019185924530029297e+01,-1.543902111053466797e+01,6.026492118835449219e+00
8.184657096862792969e+00,-5.187182235717773438e+01,3.597893142700195312e+01
-7.360661315917968750e+01,4.000560283660888672e+00,1.260327816009521484e+01
8.802661895751953125e+00,-3.211174774169921875e+01,3.208271503448486328e+00
-6.775106048583984375e+01,-7.730319023132324219e+00,3.159271430969238281e+01
-5.700601196289062500e+01,8.587772369384765625e+00,1.049675464630126953e+01
-7.427529907226562500e+01,2.529717445373535156e+00,1.250235462188720703e+01
-4.584999847412109375e+01,-3.217753219604492188e+01,3.280231094360351562e+01
-2.202721023559570312e+01,1.032594013214111328e+01,1.232364845275878906e+01
1.023652744293212891e+01,-9.759760648012161255e-02,8.994179964065551758e-01
-3.063519477844238281e+01,1.039749526977539062e+01,5.995501995086669922e+00
9.806298255920410156e+00,8.367505073547363281e+00,2.699854469299316406e+01
-3.288422012329101562e+01,-4.014715194702148438e+01,1.102829074859619141e+01
-1.603688049316406250e+01,1.060287761688232422e+01,1.231235408782958984e+01
-3.293012237548828125e+01,-4.277050399780273438e+01,3.019926643371582031e+01
-4.080460357666015625e+01,9.983065605163574219e+00,3.134609413146972656e+01
-5.549276351928710938e+01,-2.258127212524414062e+01,3.285129928588867188e+01
-4.640147399902343750e+01,-2.708619308471679688e+01,1.202342891693115234e+01
8.733281135559082031e+00,-3.163864326477050781e+01,3.417219161987304688e+01
8.416529655456542969e+00,-5.653967666625976562e+01,1.983693885803222656e+01
9.792148590087890625e+00,8.263088226318359375e+00,7.007901668548583984e+00
9.372428894042968750e+00,1.028830432891845703e+01,3.337008285522460938e+01
-6.258783721923828125e+01,6.127021789550781250e+00,3.023619270324707031e+01
-9.976944923400878906e+00,-6.868717193603515625e+01,1.649902343750000000e+01
6.759634017944335938e+00,1.009638881683349609e+01,1.944682121276855469e+01
5.886414527893066406e+00,1.005779552459716797e+01,6.225856781005859375e+00
9.824871063232421875e+00,-3.449277579784393311e-01,2.051011848449707031e+01
-4.049067687988281250e+01,-3.665371322631835938e+01,3.279208755493164062e+01
-3.206217956542968750e+01,-4.346796417236328125e+01,3.022606468200683594e+01
9.764046669006347656e+00,-3.898949861526489258e+00,2.102796554565429688e+01
-6.004831695556640625e+01,-2.018559837341308594e+01,1.820698928833007812e+01
-1.249645519256591797e+01,1.039214801788330078e+01,1.233180713653564453e+01
-6.089161872863769531e+00,-6.719458770751953125e+01,8.678174018859863281e+00
-1.473655414581298828e+01,1.065013408660888672e+01,3.289033126831054688e+01
9.814304351806640625e+00,9.291939735412597656e+00,9.459893107414245605e-01
9.381064414978027344e+00,9.232410430908203125e+00,2.021149635314941406e+01
9.112609863281250000e+00,-1.542480754852294922e+01,1.557826876640319824e+00
-5.499798583984375000e+01,-2.134474563598632812e+01,3.979285955429077148e+00
9.973005294799804688e+00,-1.253915119171142578e+01,2.027628326416015625e+01
8.304239273071289062e+00,-3.335660934448242188e+01,3.450757217407226562e+01
6.605504989624023438e+00,1.005547046661376953e+01,1.940355110168457031e+01
9.423425674438476562e+00,-3.828439712524414062e+01,2.769566535949707031e+01
8.641000747680664062e+00,9.836383819580078125e+00,6.474455356597900391e+00
9.763564109802246094e+00,1.002164936065673828e+01,3.344194412231445312e+01
-1.413051033020019531e+01,-6.537351226806640625e+01,2.699610328674316406e+01
8.807500839233398438e+00,-5.184915542602539062e+01,8.831080436706542969e+00
9.214288711547851562e+00,9.932876586914062500e+00,2.659593772888183594e+01
8.032691955566406250e+00,1.014407825469970703e+01,2.631357383728027344e+01
-8.770567893981933594e+00,1.003169536590576172e+01,1.855299758911132812e+01
-5.088594818115234375e+01,8.671780586242675781e+00,1.783630561828613281e+01
7.919097900390625000e+00,-5.359165573120117188e+01,1.158874511718750000e+00
-3.142092895507812500e+01,1.019931125640869141e+01,2.435009956359863281e+01
4.828186988830566406e+00,1.027566814422607422e+01,3.346321868896484375e+01
4.667866230010986328e+00,-6.840741729736328125e+01,1.994041252136230469e+01
9.501548767089843750e+00,-6.261437416076660156e+00,2.100528144836425781e+01
1.009693813323974609e+01,-4.378538894653320312e+01,8.176676750183105469e+00
1.018219470977783203e+01,8.378596305847167969e+00,1.014843225479125977e+00
-4.888353729248046875e+01,9.032976150512695312e+00,2.385248565673828125e+01
-6.424633026123046875e+00,-6.767473602294921875e+01,3.485293960571289062e+01
9.811385154724121094e+00,5.208740234375000000e+00,3.418930435180664062e+01
9.232831001281738281e+00,-9.883416175842285156e+00,3.330696487426757812e+01
9.768885612487792969e+00,4.818776607513427734e+00,2.737413597106933594e+01
7.067572593688964844e+00,1.001999378204345703e+01,6.332815170288085938e+00
-4.630853271484375000e+01,-3.578170394897460938e+01,2.256587791442871094e+01
7.932586669921875000e+00,1.014643001556396484e+01,2.629287528991699219e+01
1.022616100311279297e+01,-5.600795364379882812e+01,2.817595863342285156e+01
9.644457817077636719e+00,5.924161911010742188e+00,7.777420043945312500e+00
7.921206951141357422e-01,-6.974842071533203125e+01,1.083792781829833984e+01
-1.073385429382324219e+01,-6.733264923095703125e+01,1.426554298400878906e+01
9.443611145019531250e+00,-1.429642963409423828e+01,1.430098056793212891e+00
1.021059703826904297e+01,-2.677228748798370361e-01,8.835878968238830566e-01
-7.305681610107421875e+01,5.301681995391845703e+00,1.272480392456054688e+01
-7.137943267822265625e+01,-2.115557670593261719e+00,3.008559989929199219e+01
-2.810225105285644531e+01,-4.665158462524414062e+01,9.376028060913085938e+00
-6.322381019592285156e+00,1.049429988861083984e+01,3.244582366943359375e+01
9.638923645019531250e+00,6.958569526672363281e+00,7.349647998809814453e+00
9.101105690002441406e+00,-1.545116233825683594e+01,1.561350107192993164e+00
-7.242829132080078125e+01,-4.179525077342987061e-01,2.226458740234375000e+01
6.235004425048828125e+00,9.978806495666503906e+00,1.930063247680664062e+01
9.018292427062988281e+00,-5.048467636108398438e+01,8.631003379821777344e+00
5.893103599548339844e+00,-6.589978790283203125e+01,2.155311346054077148e+00
8.988392829895019531e+00,1.018378162384033203e+01,1.334632015228271484e+01
-6.521095275878906250e+01,-1.106492233276367188e+01,3.221820831298828125e+01
-7.219193267822265625e+01,-2.227191209793090820e+00,1.194014549255371094e+01
-6.196756744384765625e+01,-1.380617046356201172e+01,1.164428615570068359e+01
-2.695577812194824219e+01,-4.894060134887695312e+01,3.787838220596313477e+00
-1.002398681640625000e+01,-6.448174285888671875e+01,1.638944244384765625e+01
-6.337360382080078125e+00,9.122179985046386719e+00,1.190301609039306641e+01
5.199188232421875000e+00,1.001673030853271484e+01,6.177107810974121094e+00
5.528323173522949219e+00,1.050540447235107422e+01,7.413186430931091309e-01
1.039076042175292969e+01,7.284231185913085938e+00,9.834119677543640137e-01
-3.143908882141113281e+01,9.553219795227050781e+00,1.778644371032714844e+01
9.014697074890136719e+00,-2.456665802001953125e+01,1.302566432952880859e+01
-5.928167724609375000e+01,6.643112659454345703e+00,3.020150947570800781e+01
9.674334526062011719e+00,-4.416337203979492188e+01,2.042193794250488281e+01
8.978131294250488281e+00,-3.503252792358398438e+01,1.374129772186279297e+01
4.862337112426757812e+00,1.028088474273681641e+01,3.346388626098632812e+01
7.894666671752929688e+00,-5.403625488281250000e+01,1.171747446060180664e+00
8.201996088027954102e-01,-7.336112213134765625e+01,2.729788017272949219e+01
-5.485411834716796875e+01,-2.534338188171386719e+01,2.237160682678222656e+01
9.780501365661621094e+00,3.357845544815063477e+00,2.755067253112792969e+01
9.233578681945800781e+00,-1.254008197784423828e+01,3.315332794189453125e+01
1.052709293365478516e+01,-7.568783283233642578e+00,6.959018707275390625e+00
-1.219875621795654297e+01,-6.708631134033203125e+01,2.708510971069335938e+01
-5.918206787109375000e+01,-2.201522064208984375e+01,2.174551963806152344e+01
-6.084020996093750000e+01,-1.339494991302490234e+01,2.803318738937377930e+00
-4.634326553344726562e+01,9.350668907165527344e+00,1.233449840545654297e+01
9.277930259704589844e+00,9.620558738708496094e+00,2.017208290100097656e+01
-5.153671264648437500e+01,8.123518943786621094e+00,1.149281311035156250e+01
-4.876736104488372803e-01,9.834611892700195312e+00,2.599539756774902344e+01
-1.987491416931152344e+01,-5.700468826293945312e+01,2.236752700805664062e+01
-2.513463783264160156e+01,1.024923801422119141e+01,1.819185829162597656e+01
-3.878380966186523438e+01,9.954348564147949219e+00,2.432184791564941406e+01
-5.494541931152343750e+01,-2.084532928466796875e+01,1.170227718353271484e+01
-3.985106658935546875e+01,-3.863700866699218750e+01,2.375681114196777344e+01
-7.563090324401855469e+00,9.379050254821777344e+00,1.208618354797363281e+01
1.012921047210693359e+01,-1.157280635833740234e+01,2.681525230407714844e+01
-7.065492248535156250e+01,-3.590878486633300781e+00,2.234134292602539062e+01
1.195192217826843262e+00,-6.973957061767578125e+01,1.073286342620849609e+01
-3.863402557373046875e+01,9.308024406433105469e+00,4.619333267211914062e+00
9.769638061523437500e+00,3.633950948715209961e+00,2.753557968139648438e+01
9.374867439270019531e+00,9.241799354553222656e+00,2.020949172973632812e+01
-4.546856689453125000e+01,-3.278181076049804688e+01,3.279177474975585938e+01
-1.375641441345214844e+01,-5.901461029052734375e+01,3.677898788452148438e+01
9.108827590942382812e+00,9.698832511901855469e+00,6.551746845245361328e+00
-6.437355804443359375e+01,9.808171272277832031e+00,1.293379116058349609e+01
-1.439681339263916016e+01,-6.511460113525390625e+01,2.698454093933105469e+01
9.724364280700683594e+00,7.603760242462158203e+00,7.170497894287109375e+00
9.257567405700683594e+00,-1.783024215698242188e+01,1.293130397796630859e+01
1.038781833648681641e+01,-3.652318000793457031e+00,8.495621085166931152e-01
2.068785429000854492e+00,-7.205322265625000000e+01,1.611840629577636719e+01
-6.929727935791015625e+01,6.342426776885986328e+00,2.519774055480957031e+01
-7.333634185791015625e+01,-9.298801422119140625e-01,1.233536529541015625e+01
9.606487274169921875e+00,7.270759105682373047e+00,1.415417194366455078e+01
1.943524003028869629e+00,1.036030387878417969e+01,1.026291251182556152e+00
-7.142534637451171875e+01,-2.021467924118041992e+00,3.005543708801269531e+01
9.559431076049804688e+00,-3.295851898193359375e+01,2.748849105834960938e+01
-1.631003761291503906e+01,1.060766124725341797e+01,1.232246112823486328e+01
-9.490016937255859375e+00,1.059385204315185547e+01,3.266433715820312500e+01
9.823398590087890625e+00,-2.076989650726318359e+00,2.079187202453613281e+01
-6.674365234375000000e+01,-7.038571834564208984e+00,1.165626811981201172e+01
-7.377027130126953125e+01,3.653985500335693359e+00,1.257627391815185547e+01
7.679633140563964844e+00,-5.749712753295898438e+01,1.335109829902648926e+00
-6.874495697021484375e+01,-1.838337182998657227e+00,1.773987579345703125e+01
-2.668161392211914062e+01,-4.810644149780273438e+01,2.933388710021972656e+01
5.389907211065292358e-02,8.952143669128417969e+00,6.031464099884033203e+00
7.297908306121826172e+00,1.007381916046142578e+01,1.278337001800537109e+01
4.747330665588378906e+00,1.027317714691162109e+01,3.346199417114257812e+01
7.224085807800292969e+00,1.047200202941894531e+01,6.297331452369689941e-01
6.441084861755371094e+00,-6.464524841308593750e+01,1.952761054039001465e+00
1.002174949645996094e+01,-4.196028137207031250e+01,8.070217132568359375e+00
3.254128992557525635e-01,9.814256668090820312e+00,2.591512489318847656e+01
9.774189949035644531e+00,8.875559806823730469e+00,6.853441715240478516e+00
8.374760627746582031e+00,1.054195404052734375e+01,3.336382675170898438e+01
-6.022477722167968750e+01,7.501693725585937500e+00,2.503153800964355469e+01
5.794370651245117188e+00,1.050867176055908203e+01,7.174822688102722168e-01
8.417020797729492188e+00,-1.804779052734375000e+01,2.065080881118774414e+00
9.791400909423828125e+00,-1.978465080261230469e+00,7.773952484130859375e+00
9.804498672485351562e+00,1.574232220649719238e+00,2.043986129760742188e+01
1.706874251365661621e+00,-7.054236602783203125e+01,3.520553207397460938e+01
-9.179703593254089355e-01,1.007907581329345703e+01,1.180659413337707520e+00
-6.717990112304687500e+01,-6.710720062255859375e+00,1.161650466918945312e+01
3.040041029453277588e-01,-7.306284332275390625e+01,1.649899864196777344e+01
1.004344177246093750e+01,8.941386222839355469e+00,3.372813796997070312e+01
9.414381980895996094e+00,8.859759330749511719e+00,2.023325157165527344e+01
9.803219795227050781e+00,-9.464598655700683594e+00,2.686506462097167969e+01
-2.434582233428955078e+00,-7.333894348144531250e+01,2.691046333312988281e+01
-4.047407531738281250e+01,-3.175801086425781250e+01,1.865818786621093750e+01
9.498812675476074219e+00,6.346849918365478516e+00,1.426012039184570312e+01
4.065488815307617188e+00,1.019535923004150391e+01,3.340124130249023438e+01
7.806638717651367188e+00,1.042776966094970703e+01,6.396568417549133301e-01
-6.671114349365234375e+01,-9.164230346679687500e+00,3.179937934875488281e+01
8.623867988586425781e+00,-4.295222091674804688e+01,2.703553199768066406e+00
8.061564445495605469e+00,-5.081648254394531250e+01,3.613051223754882812e+01
9.181569099426269531e+00,2.379898726940155029e-01,1.458492755889892578e+01
-1.663061082363128662e-01,-6.915041351318359375e+01,2.911044597625732422e+00
-1.094311618804931641e+01,-6.709961700439453125e+01,2.291893577575683594e+01
8.323528289794921875e+00,-4.576020050048828125e+01,2.064573764801025391e+00
5.799982070922851562e+00,-6.389686965942382812e+01,3.599075317382812500e+01
-3.039670562744140625e+01,-4.480041885375976562e+01,3.007342720031738281e+01
-4.102288246154785156e+00,-7.195746612548828125e+01,1.718019676208496094e+01
-7.006899261474609375e+01,-4.740114212036132812e+00,2.242971801757812500e+01
9.666065216064453125e+00,8.008644104003906250e+00,1.404310703277587891e+01
-1.012230205535888672e+01,-6.450232696533203125e+01,3.456207513809204102e+00
-1.041504001617431641e+01,9.733966827392578125e+00,5.833247184753417969e+00
6.428337097167968750e+00,-6.405912017822265625e+01,1.446533107757568359e+01
9.320288658142089844e+00,1.000179100036621094e+01,1.352500438690185547e+01
-3.147597694396972656e+01,-4.198643112182617188e+01,1.081879043579101562e+01
1.051493358612060547e+01,5.393063545227050781e+00,9.292404651641845703e-01
-5.552947521209716797e-01,8.756543159484863281e+00,6.014033317565917969e+00
1.048481082916259766e+01,-1.316629123687744141e+01,2.689693260192871094e+01
-2.240299797058105469e+01,1.025170803070068359e+01,1.230050373077392578e+01
7.384495735168457031e+00,-6.099278640747070312e+01,1.590826749801635742e+00
9.590514183044433594e+00,5.497882366180419922e+00,2.038027954101562500e+01
8.940110206604003906e+00,-2.800228500366210938e+01,1.324812984466552734e+01
-9.555794715881347656e+00,-6.339949798583984375e+01,3.581663131713867188e+01
9.487713813781738281e+00,7.412539958953857422e+00,2.031877899169921875e+01
-1.058116340637207031e+01,1.017348766326904297e+01,1.230959701538085938e+01
5.319012641906738281e+00,-6.689575958251953125e+01,1.481645488739013672e+01
9.158822059631347656e+00,9.968417167663574219e+00,7.998294830322265625e-01
-7.317241668701171875e+01,-1.190108656883239746e+00,1.226189899444580078e+01
-3.505308532714843750e+01,1.011848068237304688e+01,2.436858177185058594e+01
8.503398895263671875e+00,-4.419367599487304688e+01,2.463348388671875000e+00
-3.788091182708740234e+00,1.019360160827636719e+01,2.606850051879882812e+01
6.811309814453125000e+00,-6.367627334594726562e+01,1.834543466567993164e+00
-2.064073181152343750e+01,1.071129989624023438e+01,1.840957450866699219e+01
-7.260169982910156250e+01,-1.865400671958923340e+00,1.203688049316406250e+01
-7.225399017333984375e+01,-4.189079105854034424e-01,2.971647262573242188e+01
-7.279875946044921875e+01,3.274122476577758789e+00,3.057485771179199219e+01
9.018079757690429688e+00,-2.440666198730468750e+01,1.300953674316406250e+01
-5.807396697998046875e+01,8.274024009704589844e+00,5.774113655090332031e+00
8.632796287536621094e+00,1.050939083099365234e+01,3.335338592529296875e+01
-1.041985988616943359e+01,-6.463091278076171875e+01,9.142841339111328125e+00
6.626969814300537109e+00,9.991507530212402344e+00,1.265275955200195312e+01
9.049647331237792969e+00,-1.845494079589843750e+01,1.978840446472167969e+01
1.015456199645996094e+01,-1.358911275863647461e+00,2.750647926330566406e+01
-1.108804702758789062e+01,-6.724330902099609375e+01,2.273235893249511719e+01
4.030636250972747803e-01,-6.918782806396484375e+01,2.883900165557861328e+00
-5.503010940551757812e+01,7.534546852111816406e+00,3.059563827514648438e+01
-6.355603790283203125e+01,7.941904544830322266e+00,5.846771240234375000e+00
9.695405006408691406e+00,-4.423313140869140625e+01,2.041048431396484375e+01
-2.581241035461425781e+01,1.022834491729736328e+01,1.817258262634277344e+01
3.196197032928466797e+00,9.628832817077636719e+00,2.586932563781738281e+01
-3.725964355468750000e+01,9.734570503234863281e+00,5.416368484497070312e+00
-3.427149581909179688e+01,-4.080606842041015625e+01,4.623566627502441406e+00
8.104082107543945312e+00,-3.554030227661132812e+01,3.459126281738281250e+01
9.246769905090332031e+00,9.656359672546386719e+00,6.580088138580322266e+00
9.037843704223632812e+00,-4.229343891143798828e+00,3.331579208374023438e+01
1.069443035125732422e+01,-8.181230545043945312e+00,8.722171187400817871e-01
-4.831315994262695312e+00,-6.752808380126953125e+01,3.096691846847534180e+00
-2.731561660766601562e+01,1.133595752716064453e+01,3.269265365600585938e+01
9.897605895996093750e+00,5.920274257659912109e+00,3.420103454589843750e+01
2.076656579971313477e+00,-7.204322052001953125e+01,1.611565589904785156e+01
-3.846069335937500000e+01,9.380400657653808594e+00,4.746250152587890625e+00
-6.517363739013671875e+01,-1.430780315399169922e+01,1.753064346313476562e+01
-6.944907379150390625e+01,6.307782649993896484e+00,2.518163871765136719e+01
-6.069540786743164062e+01,-1.705899810791015625e+01,3.286532974243164062e+01
9.712491035461425781e+00,-4.279657840728759766e+00,2.105209922790527344e+01
-1.631139755249023438e+01,-6.200856018066406250e+01,2.241458129882812500e+01
9.611786842346191406e+00,9.380528450012207031e+00,1.376052093505859375e+01
2.437881231307983398e+00,1.040334129333496094e+01,9.904913902282714844e-01
7.782269001007080078e+00,-5.614889144897460938e+01,1.260065793991088867e+00
7.714133262634277344e+00,1.012772655487060547e+01,2.624882888793945312e+01
3.530992567539215088e-01,1.016291332244873047e+01,1.068867325782775879e+00
-6.632898712158203125e+01,-6.216000556945800781e+00,4.819235801696777344e+00
-4.568688201904296875e+01,-3.249364852905273438e+01,3.279365158081054688e+01
-3.444679260253906250e+01,1.004677104949951172e+01,5.988729953765869141e+00
-4.292240142822265625e+01,9.517191886901855469e+00,2.383739089965820312e+01
-3.932131958007812500e+01,9.187371253967285156e+00,1.744829368591308594e+01
1.034832286834716797e+01,-3.363395452499389648e+00,8.304686546325683594e-01
-5.309949874877929688e+00,1.042495346069335938e+01,3.242033767700195312e+01
1.029041957855224609e+01,-1.344747257232666016e+01,6.300712585449218750e+00
9.004340171813964844e+00,-4.582975387573242188e+00,3.332542800903320312e+01
9.347817420959472656e+00,9.841788291931152344e+00,2.664656639099121094e+01
-1.838631153106689453e+00,9.346310615539550781e+00,1.212967014312744141e+01
-7.067532348632812500e+01,5.249103546142578125e+00,3.060927009582519531e+01
7.117249488830566406e+00,1.006474590301513672e+01,2.613121223449707031e+01
-2.002233695983886719e+01,-5.679063034057617188e+01,2.238444709777832031e+01
9.392251014709472656e+00,-3.782928085327148438e+01,2.772509574890136719e+01
-6.270917129516601562e+01,-1.449849987030029297e+01,3.220229339599609375e+01
-6.748614788055419922e+00,8.968528747558593750e+00,5.487598896026611328e+00
-5.797154235839843750e+01,-1.715382575988769531e+01,3.026377439498901367e+00
1.920353531837463379e+00,9.498871803283691406e+00,6.098217010498046875e+00
6.750321865081787109e+00,-6.332473373413085938e+01,9.001646041870117188e+00
5.870640277862548828e+00,-6.554015350341796875e+01,1.460648059844970703e+01
-2.981643867492675781e+01,-4.437401580810546875e+01,2.312527275085449219e+01
-1.149806380271911621e+00,-7.396031188964843750e+01,2.098326492309570312e+01
-6.112525939941406250e+01,-1.306644916534423828e+01,2.817175149917602539e+00
-7.247373962402343750e+01,-3.174099624156951904e-01,2.227828025817871094e+01
9.193615913391113281e+00,-1.373441696166992188e+01,3.315005111694335938e+01
-1.195481967926025391e+01,-6.376418304443359375e+01,3.721136569976806641e+00
-4.591691589355468750e+01,-3.202172470092773438e+01,3.280132675170898438e+01
-5.416848754882812500e+01,-2.425157165527343750e+01,3.268381118774414062e+01
-2.453770637512207031e+01,-5.204529190063476562e+01,3.421996355056762695e+00
-2.868950653076171875e+01,9.632161140441894531e+00,1.238594913482666016e+01
-2.999514198303222656e+01,-4.236903762817382812e+01,1.735467910766601562e+01
9.583556175231933594e+00,-7.757621288299560547e+00,1.473037433624267578e+01
9.425057411193847656e+00,9.564204216003417969e+00,6.626634597778320312e+00
9.832951545715332031e+00,-1.365666675567626953e+01,2.007565307617187500e+01
-4.503193664550781250e+01,6.891894817352294922e+00,3.984680891036987305e+00
9.270737648010253906e+00,9.883372306823730469e+00,8.226759433746337891e-01
5.980192184448242188e+00,-6.333311080932617188e+01,3.593832778930664062e+01
-6.081060028076171875e+01,-1.788499641418457031e+01,2.270589256286621094e+01
8.163503408432006836e-01,1.021206951141357422e+01,1.052183270454406738e+00
-3.615205383300781250e+01,1.014164352416992188e+01,2.444601249694824219e+01
-6.366281032562255859e+00,1.049939441680908203e+01,3.244829177856445312e+01
-5.616382598876953125e+01,-1.996056747436523438e+01,3.595446348190307617e+00
9.583727836608886719e+00,-7.679840564727783203e+00,1.474526500701904297e+01
9.679051399230957031e+00,8.875102043151855469e+00,1.387405204772949219e+01
-5.526823806762695312e+01,-2.503934097290039062e+01,2.235191154479980469e+01
1.377771019935607910e+00,9.744953155517578125e+00,2.588657951354980469e+01
-3.666035461425781250e+01,9.199070930480957031e+00,1.754882240295410156e+01
-3.077931404113769531e+00,9.206625938415527344e+00,1.204728412628173828e+01
9.498163223266601562e+00,7.363935470581054688e+00,2.032327461242675781e+01
-1.800432395935058594e+01,-6.076936721801757812e+01,3.979534864425659180e+00
6.270670890808105469e+00,-6.571185302734375000e+01,2.830994033813476562e+01
-6.345378875732421875e+01,7.068929672241210938e+00,2.516167449951171875e+01
9.510237693786621094e+00,-3.537993240356445312e+01,2.788064002990722656e+01
9.444349288940429688e+00,6.078001022338867188e+00,1.427933120727539062e+01
3.331079959869384766e+00,-6.925997924804687500e+01,3.543398666381835938e+01
7.656630516052246094e+00,1.025498580932617188e+01,1.969373512268066406e+01
-6.845038604736328125e+01,-3.427339553833007812e+00,1.702026367187500000e+01
-2.898675441741943359e+00,1.012637615203857422e+01,2.613581466674804688e+01
-3.993693542480468750e+01,8.650660514831542969e+00,3.331896066665649414e+00
-6.598434448242187500e+01,-1.245993232727050781e+01,1.738995170593261719e+01
7.506497859954833984e+00,-6.073931503295898438e+01,9.044800758361816406e+00
-3.390921401977539062e+01,-4.206134033203125000e+01,3.009287261962890625e+01
-2.014048767089843750e+01,1.063548088073730469e+01,1.245385837554931641e+01
9.275970458984375000e+00,9.628793716430664062e+00,2.017445182800292969e+01
9.025040626525878906e+00,-3.632038497924804688e+01,1.658489108085632324e+00
7.477728366851806641e+00,1.000042152404785156e+01,6.365683555603027344e+00
3.379662513732910156e+00,-7.079712677001953125e+01,2.025791358947753906e+01
1.039171123504638672e+01,-3.649710178375244141e+00,8.495565056800842285e-01
8.807298660278320312e+00,-5.184829711914062500e+01,8.830954551696777344e+00
1.006888198852539062e+01,-1.945597076416015625e+01,5.890297889709472656e+00
7.958779335021972656e+00,1.015244293212890625e+01,2.629951286315917969e+01
9.709491729736328125e+00,7.525098323822021484e+00,7.189232349395751953e+00
2.295331716537475586e+00,-6.889930725097656250e+01,2.717426061630249023e+00
9.490383148193359375e+00,-6.061515808105468750e+00,2.101135444641113281e+01
-1.688093757629394531e+01,1.077706909179687500e+01,3.283468627929687500e+01
7.117624282836914062e-01,-6.918726348876953125e+01,2.866216897964477539e+00
-7.373149871826171875e+01,3.700143814086914062e+00,2.384420967102050781e+01
-7.284731292724609375e+01,1.688545703887939453e+00,3.010921669006347656e+01
-3.071648597717285156e+01,9.714690208435058594e+00,1.787095451354980469e+01
-4.892970275878906250e+01,8.866709709167480469e+00,1.752268028259277344e+01
9.916188240051269531e+00,6.146432399749755859e+00,3.418772506713867188e+01
1.057759666442871094e+01,-1.507294368743896484e+01,2.681765937805175781e+01
-7.404027557373046875e+01,2.963286936283111572e-01,1.254473018646240234e+01
9.495147705078125000e+00,-1.845353126525878906e+01,3.368267059326171875e+01
8.175518989562988281e+00,-3.838501358032226562e+01,3.495055770874023438e+01
1.006854152679443359e+01,-2.038365936279296875e+01,5.984278678894042969e+00
7.647782325744628906e+00,9.982936859130859375e+00,6.378936767578125000e+00
9.694476127624511719e+00,7.482333660125732422e+00,7.201430320739746094e+00
-7.198276519775390625e+00,9.287971496582031250e+00,1.203530406951904297e+01
-6.405827331542968750e+01,7.854675769805908203e+00,5.817319869995117188e+00
4.430556297302246094e+00,-6.752777862548828125e+01,3.567335128784179688e+01
9.461491584777832031e+00,-5.351241683959960938e+01,1.381042385101318359e+01
1.008193683624267578e+01,-4.720392078161239624e-02,2.746802711486816406e+01
9.773873329162597656e+00,8.927935600280761719e+00,6.840205192565917969e+00
-4.564131200313568115e-01,-7.075336456298828125e+01,3.505926132202148438e+01
-5.391744232177734375e+01,7.644264698028564453e+00,1.078311157226562500e+01
-6.310583877563476562e+01,-1.248338222503662109e+01,1.151482963562011719e+01
9.087264060974121094e+00,-3.939825057983398438e+01,2.077422142028808594e+01
9.790260314941406250e+00,8.198847770690917969e+00,7.023343086242675781e+00
9.983186721801757812e+00,-4.497703075408935547e+00,7.269422531127929688e+00
9.656092643737792969e+00,-1.026111841201782227e+00,7.956861495971679688e+00
-1.651972007751464844e+01,-6.202541351318359375e+01,4.045837879180908203e+00
-5.894343376159667969e+00,9.484054565429687500e+00,1.850647354125976562e+01
-6.422074890136718750e+01,-8.994031906127929688e+00,3.655559778213500977e+00
-2.274388504028320312e+01,1.115313148498535156e+01,5.812720775604248047e+00
-6.032939147949218750e+01,-1.559136104583740234e+01,1.183669662475585938e+01
-5.963664054870605469e+00,-7.083399200439453125e+01,1.708448410034179688e+01
-2.849137687683105469e+01,9.641394615173339844e+00,1.238121700286865234e+01
9.869833946228027344e+00,-8.035680770874023438e+00,2.701235961914062500e+01
9.986253738403320312e+00,8.155377388000488281e+00,3.389124679565429688e+01
8.562329292297363281e+00,1.025557613372802734e+01,7.068954110145568848e-01
9.554092407226562500e+00,9.442946434020996094e+00,6.676365375518798828e+00
-3.820828628540039062e+01,1.037566852569580078e+01,3.159061431884765625e+01
9.189389228820800781e+00,-4.982867050170898438e+01,8.565453529357910156e+00
9.034974098205566406e+00,-5.039319229125976562e+01,8.624326705932617188e+00
9.593117713928222656e+00,1.015903949737548828e+01,3.340326309204101562e+01
7.937574386596679688e+00,-5.258989334106445312e+01,1.144311666488647461e+00
6.341088294982910156e+00,1.047035312652587891e+01,3.345890808105468750e+01
7.519266128540039062e+00,-5.762037277221679688e+01,3.553319168090820312e+01
9.909216880798339844e+00,-2.576969146728515625e+01,2.690486526489257812e+01
-1.445750904083251953e+01,1.062769031524658203e+01,3.290052413940429688e+01
6.837535858154296875e+00,-6.465076446533203125e+01,2.834367561340332031e+01
8.915410041809082031e+00,-3.266592407226562500e+01,1.363553524017333984e+01
9.957912445068359375e+00,-1.084332847595214844e+01,2.678302955627441406e+01
-7.059677839279174805e-01,8.705279350280761719e+00,6.012562751770019531e+00
-1.244504213333129883e+00,9.401480674743652344e+00,1.219562816619873047e+01
-2.638317680358886719e+01,-4.845493698120117188e+01,2.926987838745117188e+01
9.810336112976074219e+00,-1.977427244186401367e+00,2.077103996276855469e+01
8.737812995910644531e+00,-3.559543228149414062e+01,2.073854637145996094e+01
-3.837193679809570312e+01,-3.360486221313476562e+01,1.158628368377685547e+01
1.026692104339599609e+01,-5.550584411621093750e+01,2.814937019348144531e+01
2.862143993377685547e+00,9.353524208068847656e+00,1.861986351013183594e+01
9.859657287597656250e+00,5.585967540740966797e+00,3.420702362060546875e+01
-4.597340393066406250e+01,-3.612777328491210938e+01,2.259170532226562500e+01
-9.157021522521972656e+00,-6.582584381103515625e+01,1.591186523437500000e+01
2.658411562442779541e-01,1.018320274353027344e+01,3.313103866577148438e+01
-7.143057250976562500e+01,-1.277067303657531738e+00,5.710113048553466797e+00
-6.799428558349609375e+01,-6.844250679016113281e+00,1.618871498107910156e+01
2.762233257293701172e+00,-6.985154724121093750e+01,3.532801437377929688e+01
9.413819313049316406e+00,4.000015258789062500e+00,8.204871177673339844e+00
9.806996345520019531e+00,8.677943229675292969e+00,6.903892040252685547e+00
9.484160423278808594e+00,-5.318085098266601562e+01,1.377606296539306641e+01
-7.323828887939453125e+01,4.526090145111083984e+00,2.416122245788574219e+01
9.804391860961914062e+00,-1.446512937545776367e+00,2.067148399353027344e+01
-1.430507850646972656e+01,-5.835549545288085938e+01,3.686677932739257812e+01
1.278535425662994385e-01,-7.323682403564453125e+01,2.086425590515136719e+01
9.795842170715332031e+00,8.311518669128417969e+00,2.700347709655761719e+01
-4.849394226074218750e+01,8.909918785095214844e+00,1.745206832885742188e+01
9.319857597351074219e+00,-2.518030738830566406e+01,3.343424987792968750e+01
9.708969116210937500e+00,-4.434648132324218750e+01,2.038551139831542969e+01
7.659873008728027344e+00,-4.867445755004882812e+01,3.624126815795898438e+01
1.156215071678161621e+00,-7.263584136962890625e+01,2.074177742004394531e+01
6.612035751342773438e+00,-6.349626922607421875e+01,1.442620754241943359e+01
-3.884244155883789062e+01,1.028660011291503906e+01,3.146663093566894531e+01
9.740864753723144531e+00,9.410502433776855469e+00,9.259340763092041016e-01
6.259059906005859375e+00,9.947320938110351562e+00,1.260052967071533203e+01
1.014446163177490234e+01,-2.473624467849731445e+00,2.744966316223144531e+01
1.025516605377197266e+01,-5.550858020782470703e+00,2.713730812072753906e+01
9.776703834533691406e+00,8.875349998474121094e+00,6.849603176116943359e+00
-3.373443984985351562e+01,9.241413116455078125e+00,1.763601112365722656e+01
-1.295206451416015625e+01,-6.644097137451171875e+01,2.705409812927246094e+01
9.543523788452148438e+00,9.446860313415527344e+00,6.671498298645019531e+00
5.737461090087890625e+00,-6.408480834960937500e+01,3.600344467163085938e+01
-2.217876625061035156e+01,1.102070426940917969e+01,2.518868827819824219e+01
9.716319084167480469e+00,-1.387439250946044922e+00,7.897356986999511719e+00
-3.174605369567871094e+01,-4.046400070190429688e+01,1.752111244201660156e+01
9.638456344604492188e+00,-7.269398212432861328e+00,2.095227813720703125e+01
-4.545309448242187500e+01,-2.786934280395507812e+01,1.201752948760986328e+01
-7.231632232666015625e+01,1.495044469833374023e+00,1.888756179809570312e+01
9.355177879333496094e+00,-3.490303039550781250e+01,2.426176548004150391e+00
-4.061726379394531250e+01,1.001860141754150391e+01,3.134460830688476562e+01
9.803014755249023438e+00,-2.641850471496582031e+00,2.087699317932128906e+01
9.807668685913085938e+00,1.457017421722412109e+00,2.043912506103515625e+01
-7.332268524169921875e+01,4.641074657440185547e+00,1.266139507293701172e+01
7.287513017654418945e-01,9.559558868408203125e+00,1.230611515045166016e+01
-6.822791099548339844e+00,-7.059986114501953125e+01,2.654977035522460938e+01
-5.890628814697265625e+01,-2.265346145629882812e+01,2.157648277282714844e+01
-5.266830444335937500e+01,-2.745505523681640625e+01,2.234727859497070312e+01
-2.517096519470214844e+00,-7.420003509521484375e+01,2.106845283508300781e+01
-7.257553863525390625e+01,-1.359266340732574463e-01,2.230265426635742188e+01
1.014070510864257812e+01,-2.473738193511962891e+00,2.744852638244628906e+01
-3.095406150817871094e+01,9.653343200683593750e+00,1.784111976623535156e+01
9.934246063232421875e+00,6.798223018646240234e+00,3.412426376342773438e+01
-7.655994415283203125e+00,9.413072586059570312e+00,1.209704780578613281e+01
6.521150588989257812e+00,-6.441524505615234375e+01,1.919208645820617676e+00
6.200995922088623047e+00,-6.464564514160156250e+01,1.450936126708984375e+01
9.962409019470214844e+00,7.766060352325439453e+00,3.396492767333984375e+01
-6.931620788574218750e+01,-6.748466014862060547e+00,2.272239685058593750e+01
-1.149483871459960938e+01,1.031045627593994141e+01,1.232228565216064453e+01
-2.142493438720703125e+01,1.119178676605224609e+01,3.300596237182617188e+01
-6.727232360839843750e+01,9.992032051086425781e+00,1.296279048919677734e+01
-2.602058982849121094e+01,1.149479389190673828e+01,3.285477066040039062e+01
-5.284116363525390625e+01,-2.256198501586914062e+01,1.172219181060791016e+01
-5.417706680297851562e+01,-2.592568588256835938e+01,2.238585472106933594e+01
8.888751983642578125e+00,-3.069558906555175781e+01,1.341289997100830078e+01
-3.218002319335937500e+01,1.024720287322998047e+01,6.031563282012939453e+00
8.076567649841308594e+00,1.056293678283691406e+01,3.337951278686523438e+01
6.885266304016113281e+00,1.002914905548095703e+01,1.269740390777587891e+01
-2.283312034606933594e+01,-5.303512191772460938e+01,2.285091018676757812e+01
-1.620895576477050781e+01,-5.992629623413085938e+01,8.605302810668945312e+00
-3.124009895324707031e+01,-4.499742889404296875e+01,4.292205810546875000e+00
-6.539205932617187500e+01,-1.082396411895751953e+01,3.217921066284179688e+01
7.947916984558105469e+00,-5.884789657592773438e+01,2.001323509216308594e+01
-5.925085067749023438e+00,9.078709602355957031e+00,1.188212394714355469e+01
9.754498481750488281e+00,6.689362525939941406e+00,2.715738487243652344e+01
1.048573303222656250e+01,-1.142678737640380859e+01,6.595183372497558594e+00
1.132346034049987793e+00,9.296345710754394531e+00,6.082775115966796875e+00
7.969934463500976562e+00,-5.095212173461914062e+01,1.160113215446472168e+00
-1.270802688598632812e+01,-6.356655883789062500e+01,3.829581022262573242e+00
-7.071170806884765625e+01,-2.201609134674072266e+00,5.790747165679931641e+00
4.188150882720947266e+00,-6.767641448974609375e+01,9.796383857727050781e+00
9.320513725280761719e+00,-2.617001152038574219e+01,3.340576553344726562e+01
9.195092201232910156e+00,-1.739043235778808594e+01,1.978384017944335938e+01
-3.934215164184570312e+01,-3.272363281250000000e+01,1.866502189636230469e+01
9.549155235290527344e+00,3.647207021713256836e+00,3.391677093505859375e+01
9.605964660644531250e+00,-3.237077713012695312e+01,2.746211814880371094e+01
9.770562171936035156e+00,4.654665946960449219e+00,2.740216445922851562e+01
-7.160292625427246094e+00,9.710887908935546875e+00,1.847821998596191406e+01
9.509472846984863281e+00,-1.858547210693359375e+01,3.368423080444335938e+01
-2.330771446228027344e+01,1.038637256622314453e+01,1.822710227966308594e+01
-6.822209930419921875e+01,6.050993442535400391e+00,5.723832130432128906e+00
-7.370625305175781250e+01,3.822128057479858398e+00,2.389861679077148438e+01
-5.563237762451171875e+01,-2.241252136230468750e+01,3.288600540161132812e+01
9.440152168273925781e+00,4.225696086883544922e+00,8.191447257995605469e+00
-4.924691009521484375e+01,-3.167094612121582031e+01,2.277172660827636719e+01
1.049416828155517578e+01,5.747070789337158203e+00,9.320261478424072266e-01
-1.405365657806396484e+01,1.025357723236083984e+01,5.697994709014892578e+00
-6.501694488525390625e+01,9.943930625915527344e+00,1.296021556854248047e+01
5.345454216003417969e+00,-6.735614013671875000e+01,2.825167465209960938e+01
-5.994463443756103516e+00,9.496476173400878906e+00,1.849858283996582031e+01
6.853642463684082031e+00,-6.358071517944335938e+01,1.824167251586914062e+00
9.503493309020996094e+00,2.505797863006591797e+00,3.369540786743164062e+01
9.501272201538085938e+00,2.275762081146240234e+00,3.366237258911132812e+01
9.215445518493652344e+00,1.007675647735595703e+01,1.346212482452392578e+01
1.037259387969970703e+01,-1.056216907501220703e+01,1.014898300170898438e+00
-6.977494049072265625e+01,3.824512481689453125e+00,5.750130176544189453e+00
-6.748733520507812500e+01,5.757420539855957031e+00,3.067539787292480469e+01
9.930964469909667969e+00,6.651163578033447266e+00,3.414165878295898438e+01
9.721589088439941406e+00,9.098651885986328125e+00,2.686120986938476562e+01
1.014941310882568359e+01,8.509296417236328125e+00,1.012131452560424805e+00
-3.634444952011108398e+00,-6.816425323486328125e+01,3.023422002792358398e+00
-6.609120941162109375e+01,-7.549512386322021484e+00,1.171405506134033203e+01
-7.149828338623046875e+01,1.004449844360351562e+00,5.753684043884277344e+00
-1.192204380035400391e+01,1.047662830352783203e+01,3.293507385253906250e+01
9.566449165344238281e+00,-2.443146944046020508e+00,1.463315105438232422e+01
6.048667430877685547e+00,-6.560244750976562500e+01,2.103837728500366211e+00
9.695858955383300781e+00,7.383536338806152344e+00,7.226120948791503906e+00
8.117621421813964844e+00,-3.465685272216796875e+01,3.456005477905273438e+01
9.474308013916015625e+00,-3.465821838378906250e+01,2.768969345092773438e+01
-2.279163932800292969e+01,1.042881679534912109e+01,1.823715782165527344e+01
-2.368620872497558594e+01,1.115291786193847656e+01,5.847067356109619141e+00
-2.361392021179199219e+01,1.140856933593750000e+01,3.302503585815429688e+01
1.305339336395263672e+00,-7.265677642822265625e+01,1.629161834716796875e+01
-5.796601772308349609e+00,9.081469535827636719e+00,1.188123989105224609e+01
-3.367118835449218750e+01,1.066181659698486328e+01,3.225759506225585938e+01
9.377539634704589844e+00,9.929683685302734375e+00,1.356346321105957031e+01
-2.337043380737304688e+01,-5.336085128784179688e+01,8.369746208190917969e+00
8.101564407348632812e+00,1.014738559722900391e+01,2.632852745056152344e+01
-2.079425430297851562e+01,-5.550718307495117188e+01,1.621447753906250000e+01
-1.491738510131835938e+01,1.038200473785400391e+01,5.662004470825195312e+00
-1.767219901084899902e+00,-6.893775939941406250e+01,1.153334712982177734e+01
9.667120933532714844e+00,8.481169700622558594e+00,1.395209598541259766e+01
1.024965381622314453e+01,-5.989884376525878906e+00,7.098430633544921875e+00
9.793102264404296875e+00,8.655443191528320312e+00,2.695179748535156250e+01
-1.110433673858642578e+01,9.817774772644042969e+00,5.906962394714355469e+00
9.937102317810058594e+00,7.338573932647705078e+00,3.404416275024414062e+01
-7.288256072998046875e+01,2.238081932067871094e+00,3.028633689880371094e+01
-4.928710937500000000e+01,8.840457916259765625e+00,1.758257865905761719e+01
9.766894340515136719e+00,8.875105857849121094e+00,2.691178512573242188e+01
6.486479759216308594e+00,9.967204093933105469e+00,1.263098049163818359e+01
-2.772426033020019531e+01,1.046344280242919922e+01,2.456803894042968750e+01
-7.367676544189453125e+01,3.928825855255126953e+00,2.394461822509765625e+01
9.790478706359863281e+00,-3.645546913146972656e+00,2.100539207458496094e+01
9.811396598815917969e+00,8.399747848510742188e+00,2.699237823486328125e+01
-7.026422119140625000e+01,-4.170430183410644531e+00,3.083767890930175781e+01
2.297238349914550781e+00,-7.023248291015625000e+01,3.525762176513671875e+01
9.326929092407226562e+00,-6.509587764739990234e-01,1.461023426055908203e+01
9.770237922668457031e+00,4.199369907379150391e+00,2.747370719909667969e+01
6.765598297119140625e+00,-6.381941604614257812e+01,1.848770141601562500e+00
-5.345436096191406250e+00,-6.717461395263671875e+01,1.218887996673583984e+01
1.052642536163330078e+01,4.743295192718505859e+00,9.270656108856201172e-01
-2.333952903747558594e+01,-5.341629409790039062e+01,8.359253883361816406e+00
9.951888322830200195e-01,1.016708469390869141e+01,3.315703201293945312e+01
-2.031432914733886719e+01,-5.611436843872070312e+01,1.617181205749511719e+01
-3.715215682983398438e+00,1.017799568176269531e+01,2.607530021667480469e+01
9.992331504821777344e+00,-1.006622982025146484e+01,2.061646652221679688e+01
-3.550554513931274414e+00,9.184036254882812500e+00,1.863819503784179688e+01
-1.777438926696777344e+01,1.109650707244873047e+01,2.535112190246582031e+01
9.752758979797363281e+00,-1.617826938629150391e+00,7.851947307586669922e+00
-3.228198242187500000e+01,1.066648960113525391e+01,3.224206161499023438e+01
9.534373283386230469e+00,-3.613268280029296875e+01,7.855937004089355469e+00
-6.842034149169921875e+01,-3.156183719635009766e+00,1.714821052551269531e+01
9.450415611267089844e+00,-3.678086853027343750e+01,2.788039398193359375e+01
9.419299125671386719e+00,-1.669060707092285156e+01,1.304187870025634766e+01
9.039247512817382812e+00,-2.234078979492187500e+01,1.293344879150390625e+01
-1.776765060424804688e+01,-6.011205673217773438e+01,2.223097610473632812e+01
2.244927167892456055e+00,9.674176216125488281e+00,1.229456996917724609e+01
-7.073719024658203125e+01,-1.652348339557647705e-01,1.829117202758789062e+01
9.587167739868164062e+00,-3.741559219360351562e+01,7.892668724060058594e+00
2.566776990890502930e+00,9.659278869628906250e+00,2.588499641418457031e+01
-7.212120056152343750e+01,-2.280002117156982422e+00,1.192599391937255859e+01
1.000250148773193359e+01,-1.199203968048095703e+01,1.404530239105224609e+01
-2.689074754714965820e+00,1.010454177856445312e+01,2.613570976257324219e+01
-2.710938072204589844e+01,1.084621524810791016e+01,5.934162139892578125e+00
5.822080135345458984e+00,1.050704669952392578e+01,7.143371105194091797e-01
3.463884115219116211e+00,-7.033634185791015625e+01,2.799139976501464844e+01
-7.244280242919921875e+01,6.598349094390869141e+00,1.284004783630371094e+01
