,X,Y,Z
0,9.740310363661592,8.887939621359692,20.044544282225615
1,10.465440295201915,-36.29677131205153,34.3355670560195
2,10.058687888186796,5.271809000272697,20.078095588942233
3,-13.640866735981945,9.851920072964276,25.33290104741718
4,-49.24608598045961,8.379154662467045,31.553034778757137
5,10.156081229849406,8.912628120287991,13.438333885405882
6,10.378533604588483,8.334447136880044,13.537990427061231
7,9.006673079586108,9.37084777140717,7.055927128418261
8,4.9469216163379315,9.625480432957374,6.585170827558613
9,-38.58496074108007,9.136826058334918,24.65315310796541
10,6.066907650958456,9.601103249038715,12.880541864333281
11,9.0831470056346,-46.72738608285181,14.800332319594418
12,-10.706813898208566,-63.04611409037989,16.37672318620298
13,-23.595630648327642,-51.19553007138711,10.029448899066665
14,-68.64792050113556,-4.9365331178451015,4.988877552021677
15,9.987381018992892,-16.643514706858696,7.798896034188147
16,-5.704554152533092,-68.5755679351987,9.350524644105462
17,10.663199180507036,-29.082303358008176,33.6855824082304
18,10.484848588956993,6.76991087508668,13.731586491103371
19,8.506706276034492,-54.44132763185735,14.968627103276958
20,7.921953616560131,-58.712875738655384,2.51731464477416
21,9.705493723603468,-25.885906275296293,20.826313557612593
22,-48.63027545526711,8.62055475930174,24.529265181667142
23,-70.68411684963212,-0.6755507277957804,18.770057092603565
24,6.957548564367244,-62.962656525343846,2.464435243621665
25,10.404775799355775,-5.625304881168631,8.055763473201296
26,8.59817129678413,-53.67928484636468,2.410519635719993
27,6.2952944525495695,-66.73079471730307,28.60463708046518
28,10.329548990863259,-4.755262891383609,7.964204330508437
29,9.779140285716494,8.24575876534891,26.422687907139334
30,10.01230336547269,-5.866010277170062,20.669318478630885
31,4.7609794729542045,9.625195195884771,6.561164175527665
32,5.688082371905693,9.10497161542662,-0.06252647401743161
33,-4.8909270823751285,-69.14869879008256,15.117866511518514
34,-63.93888235945633,-11.145330287752586,30.509603630920537
35,-9.931211103699752,-65.43540731605754,29.02532874825556
36,7.8005854669918335,-60.820414116196844,35.139909852962774
37,-54.784696082757364,-19.16113814754317,17.88610633797407
38,3.4067655314920557,-70.89109949755948,35.49121635398842
39,7.076786126335719,-60.79617488643544,8.32944069300629
40,-69.32302793624694,4.606135101430482,11.227502001581342
41,0.845444823946309,9.570754448525804,18.7620717396876
42,3.3468184346565977,-69.18678869729229,8.756712388293636
43,7.829796673219789,9.616599644132293,19.680332952300887
44,7.703031565733909,-60.36846090668132,15.308165729279608
45,8.309378794808254,10.669270096930632,33.33270055209323
46,-1.0295501805867389,-70.4877796300425,8.767281818971242
47,2.5991733314576777,9.713141336224908,12.592563189087741
48,6.380624170192277,9.134942320932169,-0.01275389760849066
49,9.467525274663785,-52.55834997861348,28.032815522166857
50,-71.36029886296456,2.6592226463981206,24.010357384770032
51,-40.08665872422171,-33.35648643702007,16.890375811965896
52,-54.164718446232655,-20.524939137712863,4.1835721976272
53,-65.6510463356426,5.808208326037857,17.446594043878576
54,-0.7477997054538719,9.567252175260364,18.826939548776863
55,4.844133513539418,9.624883758584474,6.571362453956681
56,9.406618510442058,-36.41662127478685,7.9086883002355535
57,10.0143756419493,0.2461322291610486,1.2999760877137305
58,4.617736089576283,-67.4880255058888,8.530695297860802
59,-48.9927628414207,8.018006312999205,11.599020363479212
60,7.6337080929597505,-61.59608778763413,35.25481145037338
61,6.487602300847357,-64.3475899503901,2.4552081161864407
62,9.42269002008834,-35.37915963586511,21.219574610720883
63,10.488644109504094,6.653257476629733,1.293196272377827
64,-39.31347225780519,-35.042018451888,3.895930752899403
65,-30.08955121235158,-44.75518790976912,10.09900236856447
66,6.275441755118663,-64.96341056423807,15.466486123242248
67,-38.21339204776996,-41.836985592781275,24.40654791088855
68,10.329163680011334,2.424753296162635,1.17675027885889
69,-38.318695189438586,9.15426420651238,24.679653760376823
70,-58.903438126646506,7.571264121517743,17.9151344795755
71,10.406876386958174,-13.43252398910954,20.33394460990894
72,8.43158044406573,-48.47216031554126,8.630876393687686
73,-2.9704797036183663,9.960646987038672,25.642119061571066
74,8.162350278967097,9.49215494161217,6.970497904430886
75,-70.34130224756154,5.763887282395444,18.53147449199605
76,10.250325373624946,-6.519184631573808,27.058530344627798
77,-23.733480549935848,-51.038356128274245,10.050850489390541
78,10.250938251414482,-7.8675894611569674,14.34046361223227
79,9.39537146317889,-23.92238076978265,1.5895493127172813
80,-61.80937205596274,6.962681673725456,17.62208437890513
81,-62.09746646534859,-13.46714347093166,4.2364512370727425
82,10.632668736692722,4.664897594994727,7.686985090702365
83,10.066914856774929,8.7745727399506,7.258609062007963
84,9.906337759486632,8.151174940267083,20.046983486221507
85,-69.55805741764561,4.941329953700915,31.622412227232417
86,-31.44989116083525,-42.16711418711202,16.709150230291925
87,7.6388641956828,9.208270383333002,0.16914773019288987
88,10.180920458817127,-3.8180731946813466,26.988831439248315
89,-17.313723179768203,-59.01392728848714,3.064302449893148
90,-18.534732621348667,10.019110433151582,25.31298765125939
91,9.361019501895498,-46.91591104019881,20.92634072241708
92,-64.11131533942171,-11.067876613300541,4.3900049297758414
93,-54.64635661811553,7.705512087055467,6.314732338346403
94,-37.895221298840625,9.285949863540736,17.77566649874825
95,-0.8235916230514704,10.050754371524818,25.781505773555182
96,5.758198636296584,-67.20377245617601,21.5005347553506
97,10.08727315494616,-7.188714923000589,0.9910577388836828
98,-65.33322094731193,5.96107591031614,17.476089284979025
99,3.764050525624043,-71.35129246950964,28.673535430441007
100,9.08585948136897,10.605777154954012,33.44051799344015
101,9.631078149697714,-17.05838737123122,1.2634924496051099
102,10.316758074965037,3.5731848272916977,13.963342902650766
103,-6.728346384763427,-67.34075736381419,28.678954514525685
104,2.7931349118807702,-70.85628147618445,15.57173410937503
105,10.386251865503255,-32.44799282628719,1.1793314942087818
106,10.481413868240452,6.621042411918097,1.2922206567918693
107,-51.50470134128045,-22.8231514790059,23.099651635089685
108,-70.03686750356428,-3.112567745250999,4.880425535897302
109,-8.323338938790585,9.379909574053272,6.135462985732374
110,-65.815378403051,6.2374082299211295,31.501879042007204
111,10.163857635665408,-13.187065523865385,7.998357192665935
112,10.489233015855461,6.776232450337375,13.731026450792342
113,-71.74603172571187,1.9295859106823627,5.167583132894833
114,5.404148516186979,9.097954057783681,-0.07680235548650671
115,-62.74237300829918,-12.859187676807778,4.2624436620835695
116,0.7740182973548144,9.141192170330214,6.4492559133213945
117,10.464132241399057,0.18099744298342557,7.761509600362842
118,-25.343428661348298,-48.094638203469,22.61989306648502
119,10.077881039721433,0.6001141861579526,1.292501229863774
120,-54.457351775625284,8.09627875872684,24.379432629284565
121,9.069761742018272,-42.15171178719356,14.728056709916018
122,-7.3417105245098355,9.851901984401593,18.886962497672357
123,-67.30974053341197,6.0522150777651404,24.51686247397629
124,3.2045972616251674,-70.43284104911254,15.60851337115946
125,6.643134711564926,-65.86473530316653,28.536845790832558
126,-9.634904184812513,9.815996146333418,18.945277334712955
127,10.449563346607647,2.8323887319902497,7.64045080141841
128,7.690930718650634,-60.027414755666086,2.5032860613341654
129,10.448238714840045,3.1989676459425027,1.1852604487012286
130,10.199387219237906,-15.404789183532557,20.23824752091059
131,-68.6992396994774,-4.407812742025271,18.32175362443286
132,8.913952464317845,9.544473319273493,19.89832224262318
133,3.582097244567194,10.124093186020218,32.737199490606145
134,-26.130049856261394,-48.58497469654503,9.980994483667018
135,9.673366416822319,10.437446423919937,33.553540392433206
136,-46.793584925129835,8.796608944769105,24.593546515796334
137,-68.52911814741401,-5.105409707475701,4.977745103559755
138,-56.787914696189546,7.732437403918084,6.489818199457659
139,-7.589833938351148,-67.25888428496,35.28958657953626
140,-49.29148470575274,7.806341338602579,5.521733706163104
141,8.520401845308697,9.507002233041021,13.021338562533856
142,10.574076857898035,-8.692242570688904,8.236818500552545
143,-69.91498937272263,-3.628964756971982,23.55158952686179
144,8.694194517836877,-52.67353769750753,2.3506371329408466
145,-62.76383065597474,-12.859547082921381,4.262763458141762
146,10.008307915653859,8.87082736908269,7.240387588915837
147,-29.624982084646035,10.174939652795729,31.643669955787118
148,-53.6234714016482,6.7453442670685035,10.581181095176362
149,-70.45393636509289,-2.933895560348901,11.78582575890914
150,-67.62027534034496,-8.087572618471313,23.997890123773686
151,9.832818264925663,6.764802480961407,26.419469992773884
152,8.404202122500465,10.661934944992026,33.34369118492759
153,6.128615232775701,9.64055119317527,6.754102449567654
154,8.114244133398643,-59.49177175702334,35.017202592627655
155,10.210267806941374,-14.677875558309097,34.02002823220755
156,5.915612062924993,9.603976695788333,12.876753716207531
157,8.370353688112118,9.61520130487952,19.789788889231204
158,4.814324980675337,9.62793877531567,6.567030866419373
159,-62.080882787564406,-12.196817863969045,11.30397413036053
160,-5.800979163584998,-67.69985973573239,28.591762365676914
161,-11.566300520737059,-62.01299869733066,16.454107689555713
162,10.495389298570444,6.862404484408216,7.451420406987381
163,-18.29638972092107,10.464551262452005,31.783603383606533
164,-23.024259734327643,-51.267278139395785,29.421914527638364
165,8.912249581996548,-56.51210983880355,34.84238338945397
166,-66.17275911663273,6.993049423050252,11.548827147511474
167,-61.142207592869454,7.802848547340545,6.686685690731792
168,-68.79643673123428,6.075985152196154,6.1456178346734305
169,-43.147107792869065,-32.12683072827713,29.42564403582037
170,-39.40350465361189,9.423562888441666,31.122828930985634
171,-66.98646827638277,-6.9572610279010405,11.54436836955665
172,-29.976214864826034,9.201359993799997,11.913753949726015
173,-41.37402105805995,-31.97180250308884,16.918423152415926
174,-16.563503636765745,-58.174137305316435,9.919484899125564
175,3.1080774550100614,9.700999016777132,12.620228237306947
176,-56.2558519416707,-17.8733874978343,17.771990795690726
177,10.578006004360759,-3.467380587837397,33.86301162612472
178,10.503993979033112,3.246145169544434,7.662718829060395
179,-34.986412024543824,-39.57772577425021,10.071903092148204
180,8.293568582012995,-56.149606466835394,21.75618027136079
181,10.2310746649473,-26.533961979687774,8.280615274463344
182,-63.99047144011274,-11.0564519925465,30.507276651718712
183,-4.479149586458334,9.064184117324658,11.995891962100359
184,-21.658221858608158,-51.644992086275124,23.267753080566763
185,6.799012888312063,-63.43723882285667,2.4604646219377173
186,-46.49704008530534,-27.897772417170927,3.9167601228045896
187,-8.743934307898598,-68.32156481035781,22.423960955416987
188,-13.030670787218696,-61.37166410304235,23.07032114872436
189,-61.902860410096764,-13.932614000485046,29.99861852419781
190,9.05779574402095,-40.88752163021945,14.676962553590784
191,9.123190589170918,-37.32109202224183,14.499619875031385
192,-27.592743207767853,-45.93914990216399,22.69963237349566
193,-71.55630317323812,0.43473365224781446,30.77709658938511
194,8.591813125929548,-54.52311378276045,21.62098712239731
195,10.17297069594406,1.3989008234466382,1.2379636757432309
196,10.62621078999382,4.848325413773637,7.676045319652985
197,-68.17938683140346,-5.386219087802601,18.08018188438382
198,9.696524935696289,9.304214783860516,13.290839568255251
199,-0.875987324997368,10.05318845427064,25.782436382360174
200,8.625306047584672,-46.397733607441296,8.42561536699941
201,8.747221850891947,10.647204701755982,33.38999294992573
202,-69.94077626809758,-3.260291854483512,4.897893878523973
203,-9.357908368144308,9.378428130170505,6.155538848595825
204,8.514758491600332,-54.88380322272678,21.65210389629192
205,4.282958276588943,10.195343626603972,32.84200121086542
206,-56.076120617610286,-18.15311673821452,11.019556321776236
207,-35.610611763666384,9.078304649932761,12.183369007036163
208,-13.215216686859094,9.442472849649675,5.927202807966751
209,-67.90229825432834,-6.176339936531804,11.46170265605815
210,9.966926280798361,-29.476421126025343,8.377885816244088
211,0.7948274547925394,-70.59789533607727,8.648287288131542
212,10.478993935163999,6.7601368339919645,1.2942292644929694
213,-7.84551219918103,-66.55624526669635,9.757032529289063
214,9.793547666808081,9.240536025893562,13.31982216117649
215,4.553762285493576,-67.56724333225975,8.545691674752561
216,-30.53892142980112,-44.474498947315624,3.4779291314080183
217,-36.83450837913006,9.298309877645806,17.708191933163107
218,9.830851839441493,7.24663603879344,26.438752814387044
219,10.561807548594516,-8.985568950572997,8.22223371695327
220,9.834006252920517,8.588279721827348,20.050693636927463
221,5.440652144965497,9.628954302062084,12.851663151517641
222,-71.38717159947919,-0.46220283173170174,30.45725851138741
223,-30.830212762120937,-42.72046920151297,16.71253535859978
224,-71.50924402031524,0.14578435868315864,30.661168029550026
225,-70.64459431906653,4.015453621381312,19.811947627380505
226,-29.83590569542139,9.218518628753372,11.903695008435534
227,10.491959615892483,2.4413095683139545,33.64373040219107
228,10.121254942693668,8.421727949360502,1.1042564109602608
229,-51.84665255265645,8.280830728010187,24.34237739242417
230,1.2818776885342231,9.585187584096275,18.78178821556321
231,-23.157423736827695,9.173254166893457,11.919696223631036
232,8.443382516152269,9.447173739664322,6.996851691596021
233,-13.051702084918361,-62.9826188500374,29.023519282804045
234,-60.25995556246198,-15.85523796824782,30.009889979663058
235,-69.01515600338553,-4.444062139789821,4.999633765707131
236,-22.01085445298304,-51.406968546451935,23.164713457345897
237,-2.98745620853515,9.949342691945276,25.638080999873637
238,8.886877074547556,9.388290669966409,7.043521790539671
239,10.483242129772407,-1.174642441828837,14.057364596208572
240,-71.17734980505702,-1.5544324848033284,11.890943837009218
241,1.7565160430949618,9.691141850849817,12.552645788749942
242,-41.28455185513121,-32.416762744767766,10.653826003521317
243,10.35765590696792,7.818122742382002,7.359658920116999
244,-67.12740804732675,7.087764106387112,6.51169561905499
245,-26.317863996704546,-48.40803488168149,9.967223708847996
246,9.437763774096311,-35.238885483991,21.221371334157084
247,-71.38747419619176,0.8122360366178327,23.6176968877935
248,-55.470542507122445,8.052110025320872,24.417997800948797
249,10.065484165538692,-21.136525981899467,26.835596346560123
250,-4.998529428916299,9.708382260689177,18.837127403665363
251,-15.655641096570434,9.561211192088194,5.897139511636851
252,10.525653063248683,-12.076478520672026,14.248653555443525
253,9.44499200484097,-35.14373447010166,21.22177304183242
254,8.411240927001018,-55.33392709891177,15.00284336986897
255,4.414103568547944,-68.67022993501269,15.591110674294214
256,-25.69926188059617,-49.33704938458595,16.623302521388723
257,0.6212777082482717,9.968428626023524,25.745090132470068
258,10.037584637213513,-11.719520899681811,27.283818607756984
259,9.22148635430949,-38.672042973470525,21.10739612594989
260,-9.411354206022224,9.747705408457477,31.49852410603671
261,2.613463426250746,-69.88183616757124,8.746359245999884
262,10.196052375595173,-1.6358054148167867,26.77389932756705
263,5.84971887654865,9.624592632122585,12.875091956353572
264,9.807527282007868,8.070862036934159,26.43285015352012
265,9.90125246369098,-9.493391304953548,27.290627630754898
266,-38.707344014150294,-35.78079043553953,3.809441021099701
267,-11.999951770253574,9.400573320061994,6.0362982006681705
268,-44.840627190285886,-30.26885689302071,23.31133388379385
269,7.139804091621954,9.597754963720945,19.5423360944078
270,7.719318074565308,-57.55272304561731,8.526750951329632
271,10.214108966334607,-12.497643818302095,27.305340630082355
272,-50.22499187032008,-23.881683186649752,23.061979962971236
273,-64.71348256049168,-10.08850341692596,30.48330675024954
274,2.565742072496505,9.565791889260254,18.9024378412887
275,-33.919410640555725,9.260732364515206,17.762115543011532
276,10.222304373261068,-22.8396915415924,8.114151453208251
277,2.4003710297729413,-72.31111185286863,28.591835439789975
278,7.4269879663370375,-62.68509264293607,35.43316277150552
279,8.264511776276777,-51.446925116253624,8.729054999538675
280,10.152774338421295,-13.551282572361742,8.001188779255244
281,-21.56751529869871,9.2835959636177,12.027601200457866
282,-37.62726603921692,-37.20456619364995,29.696192152729054
283,-70.95024645234662,-1.7061756592302117,30.32004111733295
284,6.297483640999417,9.129952085643708,-0.019994916601717705
285,-71.46417754628783,1.489388230835175,23.766483860632434
286,-37.827401561535225,-36.93409963560771,29.76572772432337
287,-51.83765046748158,8.274649970368046,24.343501155984995
288,10.609367277595084,1.1150527484987833,33.60769407262342
289,9.976094351641223,-13.373575226125467,1.1860404577782901
290,-10.422175722580505,-71.02888171640916,22.117725633245755
291,9.831995409040246,8.630775242872005,20.05069264267513
292,-71.30995149402224,-0.7379074615382706,30.391221444078838
293,8.908158654203362,-50.087155177564455,14.788247764980952
294,10.079492612156173,9.016845771381668,13.410900428672903
295,5.2533170070673805,9.538993850132101,19.222878566824875
296,9.692134550739866,-21.91896631707914,20.60680628834416
297,-64.49451177564697,-10.357750547860633,30.48741863456962
298,10.593012371100485,-25.385084194281262,33.502718484029174
299,8.455636019206395,10.659288216503228,33.34988461689318
300,6.8752988233181895,9.53599866575496,25.80552431007345
301,8.062711769869566,-57.8111217721148,2.5202550614108077
302,10.400202810622432,8.937210922509621,33.79016331216735
303,-1.4595917489286876,9.027527866379387,6.39279225489372
304,-20.715077497290622,-54.46814884779269,9.58742661109136
305,-11.677881744441947,9.43296507451305,12.489641272803055
306,9.552554467826667,-29.85068148854134,14.648208040727695
307,10.273334528029409,-5.843009939915646,27.098532722056916
308,-70.74948701150788,-2.466013402608951,11.848595110936003
309,-25.84687361413671,-47.542155729357546,22.62041131888327
310,-25.287275284184943,-49.968533664874485,16.386666970290207
311,4.90888321726743,9.541973735451393,25.66906770558853
312,9.71950959784499,8.527475128391416,26.400918766279574
313,9.537049383336125,-32.68217954900683,21.189879949775786
314,4.258171349632903,-68.93968326463255,15.608492201605259
315,9.246689196475018,9.050764869053637,0.6536960981393349
316,7.074543966273268,-62.78075022081521,15.436471667212572
317,-15.022889125015354,-59.21451142272235,16.228798229029053
318,10.233772886824227,-0.8005918662511249,20.116974726961416
319,-62.72509225515023,-11.164109641579671,11.484420536017296
320,9.334406794839197,9.142352420559291,26.305577520233783
321,10.648098571482478,5.280955353538957,34.0373232937618
322,2.044028897476892,-72.36855462776839,28.596496612725787
323,-71.58962120440265,0.9281402455308125,30.98944853428293
324,-10.373677607538411,9.988865226650887,25.463771750226442
325,10.032710157583097,8.551164656684705,1.0474528951253887
326,10.526174810124758,5.343629596553001,1.2597355107100157
327,-11.025934470053471,-62.66210618144214,16.407035292328146
328,-44.20137734899254,-29.109885199186465,17.08650663449589
329,-8.370931840052435,-70.79416553771625,13.827634886043597
330,-56.04115724500298,7.80873370552581,17.99804923148986
331,9.999057336512124,-12.872667875104526,1.1721369714177854
332,-27.913764147206166,10.346219227158144,31.691609165993214
333,8.513201031331846,-54.50734822910681,2.4504499221179685
334,9.677969980723901,-25.20937882252565,20.752747775766693
335,10.535074507243735,-20.78757278664034,34.07851827387822
336,2.37032646067928,-71.27266077135573,35.52404891473088
337,9.691758116253368,9.15063130575345,7.165969644822326
338,-3.5447101805757484,9.908984689121098,25.568037519997233
339,-14.528913436100993,9.820759482825451,25.300485631853007
340,9.813628062499447,6.372906170257011,26.40082024471303
341,-38.247904215091694,-36.390634823197615,29.837579837037993
342,-50.125367988957805,7.717409090968431,5.669180834508552
343,-55.381790649029426,-19.35570863720386,4.148082872858595
344,9.996725281210274,6.80133473359092,20.071172062924234
345,9.90144506303659,-10.554352939997443,27.2780410570158
346,3.096762392761775,9.517320256740277,6.498428153745408
347,1.9778304199271588,9.886764771669732,25.73472956697333
348,10.047134620064753,-15.189152049784752,7.900484292440524
349,10.353976773709292,-50.002783788570014,35.359894172111126
350,-70.50485677211509,2.788741735779695,11.215781978939958
351,10.644738831410905,-34.366234954677566,0.8531040934249177
352,-66.50287451852637,-8.115962090414541,30.606905572984033
353,-53.116181643847085,8.222386263441877,10.316492021553131
354,-71.35799389457861,1.2409271646192792,11.430803186984122
355,-43.92490817595535,-31.13507226791262,29.37532238775384
356,-20.94921017885099,9.353101701542982,12.103713726675778
357,9.906020870691464,-0.22909114007143216,1.289725328944769
358,-28.685953690081078,9.231124329822705,5.318705698791746
359,9.831951104925793,7.59995104643167,26.44438091246775
360,-32.98696948776342,-41.462069693637204,10.390688948876232
361,-14.869889264823541,9.48527801192904,12.396530642728976
362,-30.048083565648994,-44.25039236164048,29.23464668334782
363,-38.9101386985385,9.466744984205434,31.09278290169459
364,-54.0602047314278,-21.523398209701554,29.48891216416996
365,-44.85213108147218,-28.893936659829706,10.81598056673829
366,10.686133068653362,-30.313725394882567,34.012754402530845
367,8.142070911173505,-57.05740033825441,21.825158317974456
368,10.333459242462595,7.948768558924712,7.349881092892247
369,9.59054026217018,10.467677087719494,33.53056767090857
370,-59.2401730394522,6.803429421001056,30.644923661666326
371,-5.901191633915005,-68.84735458714385,14.797696063843432
372,7.476551954515344,9.612056340462004,19.609326035615595
373,6.117514194552314,9.644171228595951,6.753068136546062
374,10.23022332310211,-0.15330867206102994,20.07810607486863
375,-38.100457313015795,-36.563569952824764,29.825745678423118
376,-29.186362468535663,-45.088845078948,29.36012707392547
377,10.245337872460368,-3.94236511519739,20.51080202772755
378,-56.33803272165096,-17.786145916104033,17.771643458522703
379,-11.06269336483274,9.443492069422064,12.48224860132541
380,-5.410933362118158,-69.38447433756937,8.957290025678958
381,-14.39116451143127,9.995994022166997,31.65100623246508
382,10.076868960372849,8.492308298623357,1.0735835274563215
383,9.841707471437985,8.577772544012078,20.049186749010914
384,9.688281101452958,-16.661633442298807,1.24994159004018
385,-53.7547980536001,-20.86659080501886,4.2139419500185795
386,10.476105796304182,-12.665130028242856,20.40539888235253
387,10.620397735243387,-31.857246971272616,34.24854192103885
388,7.347215427077572,9.602331606266489,19.58388572993499
389,9.597176148423387,-36.248610171118344,27.66885035184532
390,8.83158783941417,9.405549176782188,7.034717119671768
391,10.037270476873346,10.224921523563353,33.64284727824088
392,-11.495147933233966,-64.2888143168384,29.01172349729677
393,8.275661759427749,-51.03447940387923,8.732893447847346
394,9.301631009778248,9.161018122867063,26.293373999316827
395,8.23599015736454,9.496163271965997,26.06891126165101
396,-7.124929292893285,9.830167011407866,18.880463602712553
397,-51.167731493991596,8.184516908571823,18.01757537085541
398,8.758091808852441,-52.1715038148991,2.3165319976096725
399,-29.676638631366586,9.373328628382296,24.59218698600489
400,4.87062999644786,10.274823640994327,32.92873782912102
401,6.042478563596887,-66.52003097567285,21.53907441235151
402,10.003310765487186,-6.41416021848454,20.684192960967266
403,9.149618332165119,-41.37371405976137,8.033179494004798
404,10.37007751080273,7.7440672375742,1.262582857830239
405,-48.31640227711614,8.65594507888818,24.549803582878667
406,-6.355769522819173,-68.44778159823,35.25188263302698
407,10.645285270195927,5.212582080174798,34.032893733661695
408,10.473042774336136,-9.868596850348695,34.116167204141675
409,9.862271002160014,4.082092557187934,26.469045090589134
410,7.257327358637667,9.56555438669875,6.891261389891952
411,-41.98973999406007,-35.37825679096568,23.05310449135868
412,8.149183842750062,9.510772837329569,26.051477096047165
413,9.32826292748905,-56.57363583514052,28.359897956906025
414,10.602023275943793,5.656207311390972,7.595289117098218
415,1.308427785505046,-70.52311489648491,8.658338790251037
416,-9.104441547609895,-69.0394304949532,14.881417748996682
417,9.836645841523932,-15.167429672916114,1.2128900527095539
418,9.856146589493619,-0.39541184683639585,1.2807563264341297
419,-69.70345278459718,4.053978506115527,11.204064824266425
420,-70.41606854242855,-2.7728596594170085,30.428148062541368
421,-28.11440289035272,-46.63768249642908,9.888742955145062
422,-5.75212536944764,9.828117242452208,31.49649818216494
423,10.51237008618591,6.700142098113247,7.47159851555989
424,9.68031681667162,-16.697040246854158,1.2509998757032008
425,-70.75817706228554,-1.5521106301421241,23.36874639259804
426,7.037062455265186,9.597941195973362,19.52286638736041
427,8.380406131857853,-49.18807336676309,8.68054870684864
428,5.597100392131324,-66.36540294214774,2.457918395120032
429,9.548638567563103,9.37374647667184,13.248234281696568
430,-63.67813657318766,-11.514416425921809,30.511900910198165
431,-69.85667769895099,-3.77675712945711,11.639896565324761
432,-60.37956153892992,-13.975831343404025,11.301580082455075
433,-25.362256545735363,-48.016911378923396,3.7037867291637667
434,-10.25562415656168,-63.59348511391181,16.34411739688494
435,-4.871417522103911,9.073668484277732,11.990145718229542
436,5.510142606930458,9.640531040253336,6.662698353160522
437,5.582428683902435,9.092839881508553,-0.06861154356738552
438,10.48889245882583,6.799313868567879,1.2961062202193716
439,-29.475745859963354,9.375152594457177,17.972846546885194
440,9.88272998634784,-23.91358596988084,14.50763400561118
441,-56.134723557875986,7.220718289987417,30.58709412490134
442,9.240656565569225,-43.56224437240871,21.1323591242799
443,9.400946003891477,-33.07507973756037,14.62385180383717
444,4.906825739228225,10.281131934680161,32.933884363601464
445,8.716273959722457,-52.54457149247855,2.3418111167698044
446,2.901438320384841,-72.08658580638075,28.602760599273097
447,-51.790716009316384,-22.60013029873153,23.103319850353728
448,9.913475623574413,2.5301226064566436,26.62580960397645
449,10.287300218637029,-12.330838468573347,33.930505999751404
450,10.469050514453556,-6.173463726216141,8.115452260008169
451,-9.855131601194444,-65.50029459715006,29.028034260791173
452,-57.15298839194293,-19.057348020538484,22.9977758931891
453,-60.63213888812243,-14.560324735595714,4.227032866249829
454,-45.39859897770839,8.478195985660932,11.87957133994314
455,9.733428559480672,8.914276152243474,20.044011544710884
456,-51.51785841065066,7.7220035211139475,11.297634947057304
457,0.7918655204175593,9.969679487805479,25.742024441835383
458,-17.871568785045383,-55.352563660097076,23.218690589351354
459,-23.665607919372633,9.45718242646035,18.497115261274303
460,-36.92155976709728,9.286125725036982,24.83224879239242
461,-52.87194322710275,-20.988302130157535,10.993453058797968
462,-39.034317558247494,-41.71439253376411,24.432826925301924
463,-6.247119316903991,9.221417161615136,12.083611772924996
464,10.157945581082458,-12.256461552911787,27.298173468949244
465,-69.55822210934639,-4.378682607111841,23.612040465213795
466,1.6727503707370488,-70.42592303090532,8.676906218320255
467,-35.651953666112604,9.160596444698967,4.405908602169802
468,9.89484899792842,2.8261355085451214,26.609949670846618
469,9.835545422395626,8.586351492596805,20.048527487717365
470,-43.48906190746129,-31.78835300661376,29.39937703636315
471,-14.310710164198099,-60.51351843634802,35.37827280181773
472,9.326509172262377,9.286300241300523,7.101602637643737
473,-58.77011757786386,8.533921667332834,11.78712727117636
474,-11.724523448385298,-64.10843111568465,29.011892662472746
475,10.43244412774493,7.322531655371677,7.406087968611246
476,9.991474064781869,-18.021116515146787,13.911748062868355
477,9.46311280955706,-3.470069758059253,1.249685162327296
478,3.371366609233519,-70.22095562088725,15.620176345497384
479,-66.7320904603439,6.306147727045754,24.552987498333096
480,-70.74178111351648,-2.4555021690539434,11.849342960235845
481,10.487964869829739,6.867491152262119,13.722305506751582
482,2.5114145253010065,9.108141635137144,-0.14240558285564475
483,-70.45812961046613,-2.6811410516747856,30.41467055623798
484,9.671662050054692,-30.10655090180626,27.411391110417753
485,-15.152103727694339,9.481211210606489,12.405337398004121
486,-9.151763457535708,9.764414483177461,31.486099354360704
487,10.273235067543283,-1.9472137391203432,20.255677267503415
488,-65.74839848550619,-7.792879632660515,11.667393801891649
489,-70.73164445313341,2.4188802161297644,11.244750732449575
490,8.363457998817466,-55.6739647978884,2.491797253034747
491,-69.52684552192841,-2.510547814581514,18.576987498069684
492,-24.311178770421975,-49.66214114766444,29.4500285101185
493,1.3073398345404712,9.259930194126355,6.458288916312085
494,7.839980932560138,9.505885072524507,12.930901674319102
495,4.784372332741441,10.27072024932204,32.917788864157046
496,7.35506604429429,9.189844866360545,0.11440056198716775
497,6.396621912344926,-64.58267202167644,2.454579891337744
498,9.257264278404364,-39.79626302450197,7.915482210349182
499,1.6025794770266657,9.919559103643223,25.73460490442085
500,10.180923804970007,8.522760579530768,7.29456713937725
501,8.525135913171653,10.667659761331379,33.36057698995137
502,-58.07255691264072,7.893319276121474,24.508454807724775
503,5.845279351122372,9.110626896666872,-0.05249424118301249
504,9.43605681025474,-20.184653665422957,1.426284931052578
505,10.484384270224837,-1.367977333615272,7.863339329049268
506,10.17135848563521,1.6658339523401082,20.11109665688491
507,3.2525698124536575,-70.96119402390104,35.49663908579714
508,0.46265737066096335,9.621864329895288,0.028780837717931718
509,-66.09974934240017,-7.560399654966204,11.633626269384422
510,1.6808960599028069,-71.54729183548989,15.50720791621734
511,10.40580474629951,9.10186354142661,33.78565729233742
512,9.882797364856742,8.261602072521782,20.047223683824996
513,9.888676349220987,-10.316454486383918,27.281029463651066
514,-0.5933367963043565,-71.47282949972941,28.77262916861946
515,-40.216715627579106,-33.200034170289655,16.884800456108678
516,10.467110515083732,6.128556495738849,13.791912817267075
517,4.18048349937726,10.184019243202783,32.826683341325406
518,8.000452256795143,9.21633662579461,0.24927253124678828
519,-65.21879421315316,-9.50189767257325,30.49003173212259
520,9.564655306955501,-43.471185370708554,2.3559869013561183
521,10.401509093660025,-48.77341246024207,35.51636442259405
522,10.383417109213042,0.6110428482625139,13.988198957227723
523,-0.33672932851914084,-71.27361978950285,2.539317529962318
524,-10.34746026945686,-64.8306614721132,22.97415639753217
525,9.367634303910563,-45.73935140202184,2.2083296093314857
526,7.40090973950646,-62.804345321291294,35.45131189586482
527,-27.602535631584033,-46.52804678872053,29.479214228254932
528,-2.48015671603207,-70.67183756565646,15.572200475456157
529,-69.0680209657512,-5.348006327418261,23.67349818041839
530,10.483035741846834,7.45157659632514,13.652276704402539
531,-9.558885942480629,-65.45080692044303,2.9747022189721974
532,-9.077419342600479,9.388928261536421,6.1527613344660494
533,7.1146746307586,-62.68907522646077,15.433957423022548
534,9.920094103580595,9.177014066138327,13.359274894497503
535,-31.689580020860376,-42.92474688940638,10.415664877486961
536,10.544137568659607,5.066264811277506,1.2540935210472526
537,0.738336886705838,9.139803028043389,6.448184528089769
538,10.467878749118427,-13.708275351011252,27.33067751087583
539,-21.30909084301493,9.316841547510194,12.058210610362949
540,7.79490385835561,-59.43616536768104,2.510847306182768
541,10.056780816788887,5.359249261456171,20.078871724981582
542,9.744549827822993,-26.749817314213942,14.642171689942188
543,-10.273156451401519,-64.40296253589622,35.37817648639975
544,9.977285860942175,7.031255586904081,20.063702727271448
545,-9.152126076737659,9.47324959629077,12.395552531461362
546,6.166538543011484,-65.21562524730871,15.466997853940484
547,9.442228655445433,8.989126886834129,0.7357728670604047
548,-70.59055518497007,-2.7184141235175048,11.81732246024967
549,-33.06561238815266,9.33604198231842,24.731883870508682
550,9.497640997036797,-44.461677857435916,2.33260501834593
551,-2.2348722752167305,10.023996105465812,25.727106718693904
552,6.906007737396067,-63.109689397449074,2.46320134732332
553,-19.347430027315568,9.744249236066025,18.642637610215388
554,-70.11491464961546,-3.425240201233464,11.702988416435346
555,-71.18993333597246,-1.1184540473368543,30.334101695158097
556,-71.34777429144015,2.811670334373048,31.71718598244661
557,9.886042284040741,-23.781437899910998,14.492276430204583
558,-53.47074279137996,7.672997875521105,6.178804146953553
559,8.793177508985536,10.648250767452737,33.39635219645788
560,-10.603218751235545,-64.71563338381202,9.734394542695554
561,7.205103585753022,9.534105702117813,12.890046373924633
562,9.898781345023963,-18.192629641524036,20.391515041956154
563,10.206186446481297,-2.316831411772,26.860182747930594
564,-10.397176913322255,-65.6818366529451,22.962174268023773
565,0.18323499330836057,-71.24629566699241,2.540812117571477
566,-52.44274452657555,7.896373734798544,31.047480767037996
567,-59.882876969693825,7.790150695303964,6.64645496032972
568,9.256172743729621,-43.66361787207006,21.129538294995655
569,-24.30357816799369,9.46527162466191,18.473928453751796
570,4.119196604018725,9.621093396822289,25.697175625804448
571,-34.29503892622233,9.158012607407727,4.574563287103956
572,-33.65472076958031,-40.96740127641442,3.3487368154892465
573,10.430352228944685,-33.884006392906485,34.18358577097206
574,9.474161772070147,9.249357435916863,7.125950635800109
575,10.549992329455563,-4.428216715225062,34.034575931944346
576,10.115869020804894,-7.783931258138182,0.93760042894246
577,-4.702856976931798,-69.82695838004747,2.590766957406231
578,-25.22855366742988,10.90874547119165,31.97882461170957
579,10.635629221089403,5.962832052426165,34.035413680461716
580,3.377842192436219,-70.21071706800285,15.619988698934321
581,-35.48817619478905,9.156426715275302,4.412157876939091
582,-62.26788415512601,-11.959210379224714,18.003374128435553
583,-66.87729335917174,6.2473977418740105,24.549029488345695
584,-59.72176454184955,-16.43195482592637,29.996666052074943
585,10.199943641835489,-4.359044699285732,20.56571141729364
586,-15.046600601433965,-59.399756908455856,23.02810370645875
587,10.29257975937071,8.610485305702241,13.494364134894568
588,2.884181728137264,9.073228258458585,-0.1450439442160132
589,8.520879843373223,-54.39909742198597,2.4458870364924223
590,7.9613200483518085,9.520842191701377,26.012783339989255
591,1.3703645080804563,9.335954271934497,-0.07071937270302442
592,-66.49144307606093,-7.812605466558125,4.666781124617501
593,-43.73329308004759,-31.468096089553,29.38751692993901
594,-31.70023351166128,9.154178014814534,4.9742521352909534
595,-41.70248558849562,9.008527101488653,24.587869243119712
596,-37.07363298384371,9.296502622846674,17.719564389544757
597,9.443551305195797,-3.2208441373823007,1.2394875586251146
598,-4.705146342531407,9.8375851396504,31.529804363744915
599,10.182845715535223,-12.863949252561724,7.996789599181284
600,10.542865740118941,-4.774422217678875,34.090510582866045
601,9.426049309726295,9.060853824966216,26.327062383435987
602,-0.36679597184956947,9.515026547156594,12.374586216441458
603,-68.56779498176184,5.441764938608685,31.525583903478037
604,7.458291610953893,9.539632261887164,25.91271140756362
605,-18.001846278448284,-55.178872563939876,23.237067150523217
606,9.564373001158856,-35.62396644204364,27.676512914888008
607,-61.51767496731918,-14.418136114767549,29.944242729223333
608,-4.774264868868158,8.94930987578573,6.0551471384533215
609,-57.51751219598373,-17.279322358532227,4.169226161439383
610,2.889141737538921,9.49763663837075,6.4986964973504655
611,6.439397627547805,-63.11894130813107,8.150716822102368
612,6.659321489592912,-63.97927231641006,15.460764596300578
613,-28.798608984163366,-45.06139406309376,22.885524037719733
614,0.6491786611077259,-71.31611389251884,21.607392082000842
615,-60.90856627621724,-14.341949248448145,4.227727804242932
616,-70.78208922664635,-1.457909287968505,23.36686588102384
617,10.215059221755837,-13.42481157677139,33.909986534516065
618,-11.31122019653776,-63.873323248107226,3.166442212671427
619,-44.00468319615902,-30.97667086556976,29.366317020871065
620,-52.728528425854165,-23.02076426583517,29.322826737674404
621,-22.640092101613845,-50.878047252592296,3.3165604608120702
622,-26.675446139110136,9.250818793929284,11.857746618225065
623,-29.754759300534715,-43.654397259333564,16.775077184231122
624,10.276899673941443,-7.243531391752185,14.357284909438022
625,9.673653073524292,9.166376790702088,7.162540904506386
626,10.376961140111234,-13.72817518631382,20.30628637962036
627,-45.3390042306728,9.73128720647037,4.941155711964711
628,9.55485410473375,8.93061377002141,0.7904865647087718
629,7.53308100232789,-62.18159141194428,35.35156871034269
630,-59.540547016255005,-15.806085041531333,23.736610877054773
631,1.6993167842538242,9.244589264644674,-0.10233206010525464
632,-34.17244578592181,9.371153822672568,24.830501095488216
633,-5.798586360307127,9.829990775970145,31.495704533019307
634,-55.1293922793684,-19.607155443545707,4.150914081488281
635,10.283144661090773,-7.163227709939747,14.359074595093261
636,10.413263786630523,8.171838245049912,13.559665196804417
637,-52.26781210652916,-22.257761393531837,23.107712147007987
638,2.578192570279498,9.833393168456496,25.73476259753079
639,-34.25986059519164,9.264386650520464,17.747693353514478
640,-1.6310642979378827,9.336898491362263,12.243644109697925
641,9.987692745667118,6.988377047933682,20.064692712616306
642,-16.730568840208434,-59.795170949223575,3.07073856277475
643,6.838304618298935,-65.33378927361082,28.496520532443355
644,-61.035872486401786,7.567121385214705,24.481081956851995
645,9.685348482671543,-32.730234751518765,27.739650853045532
646,10.438421791645851,5.913077554975644,13.807456725346128
647,5.094592926525365,-69.26560705165502,35.489506304630595
648,8.241277660647938,9.62740657802351,19.764378495618075
649,-68.82191241519286,-4.129272808408132,18.375335817825544
650,-1.4411613425754695,10.055033822544829,25.77678435461894
651,-37.058210920205966,9.680094599834774,4.8100690443388885
652,-63.45314909375793,-10.627158455466997,18.132027503482732
653,7.180479544034824,-60.40054791060538,8.364059898543928
654,-31.021048300648545,-43.37097644746427,29.05702306519379
655,-19.11438920008186,9.52868308854886,12.344242370216307
656,9.731083762234448,8.921447317080492,20.047237711292837
657,10.716461954644728,-40.40287639639655,-1.036529078460262
658,7.661663169504209,9.543684407340152,6.929997952840495
659,4.984056166809751,-68.5302596198162,21.54289945649998
660,9.467405970604887,-3.4670864891468227,1.2497718369286304
661,8.275330379673505,-51.03340564445534,8.73279051382815
662,10.057161064487445,-19.738197492742984,7.904201176210336
663,8.17183841662245,9.513142797863111,26.057789683149167
664,10.439051988721076,7.247308696274558,7.412500028849536
665,1.9008561987538997,-70.66571981175275,2.5285500368881912
666,9.993854198810368,-6.20546267728605,20.67860373570329
667,-16.388515390506655,10.21214132827481,31.64913803561467
668,0.46379237639484927,-71.20531358785502,2.5408751072291125
669,-71.34630698542605,2.720846809370414,24.020925671842633
670,-71.5920129004553,1.0115562146784214,31.026176911786024
671,-28.84491589450954,9.438483589496172,18.050743406782203
672,-49.06134522920365,8.33379613559373,17.977417744574268
673,10.615418579666766,6.19594328871608,34.0221002515118
674,10.621677182112762,-15.42847003024599,27.27370036816683
675,-71.31944783902327,-1.1857984853650123,11.872046811741711
676,10.598639162086329,-17.617311778140902,34.34424244924594
677,10.473917331901248,-36.355240590698486,34.335539889811116
678,10.096832702725806,-20.730951708310386,7.986675899330294
679,7.8304149660825715,9.52766579917079,6.943925495377698
680,10.436878011738372,7.206082684125249,7.417912609034829
681,-5.870851498734737,9.179280725638819,12.040790436854877
682,-60.56063186240681,7.796689354707269,6.668806804987071
683,6.199947108192646,-67.08155237821029,35.49981088447748
684,8.67398879450866,-53.02332190535799,14.905508555014421
685,10.15686540569186,-0.949693505634059,26.686813542970413
686,10.16985836798085,8.571661296673483,7.289750886597176
687,0.6954116744764178,-71.42180521424234,35.48816382754649
688,-53.29414593835827,7.981963081143476,11.243050333943756
689,-61.62678599503852,-12.794061118639547,11.236351866909445
690,9.317046389036477,-36.998329548756374,21.18414301217672
691,10.346632847654291,7.88818418379924,7.354937191345016
692,10.258783844852587,-3.4215368931745616,7.852073374780957
693,10.512299748746955,-0.5599466690327972,7.8337911141952645
694,-15.482930043794113,-61.17107433669935,3.1258556558041164
695,-4.2435067928900025,9.675900643483146,18.867298061601105
696,-64.2841433000549,-10.829762558330913,4.403826058695358
697,-22.364127914305755,9.562498879423401,5.7675908291421365
698,-58.61196153627134,-15.580023356969832,11.401071507380948
699,-3.754697624313849,-69.86654206118874,15.371621074576069
700,-26.51208007263631,9.24554155444639,11.86198708226948
701,9.937911481116316,-8.990989790807362,27.279024713530816
702,10.396131214965862,8.252658783761035,33.82417307629839
703,8.816935541202838,9.158382947911377,0.4884925512014888
704,9.83081827697697,9.05444489141064,7.19745253513247
705,-36.10378461806249,9.833083606401487,31.21126371844184
706,8.444574536017171,-48.32522607516785,8.618180200466668
707,8.3819172175954,-49.068742158104214,8.675010495656352
708,9.839927337388872,10.352332563646996,33.59029822960838
709,8.819159487109573,-51.348507829775826,2.2586357603154283
710,6.447226650020639,10.516253488492112,33.12596290640431
711,8.993058252250194,-56.21326182201119,34.82345076442289
712,9.924819373084574,-23.9582706893907,27.16800754982978
713,-14.125786380123827,9.96347021163092,31.657191653075643
714,7.193019655831449,-64.40435612813599,28.43963012614313
715,9.522921301875613,-30.817043045279206,14.682153057741743
716,10.009433153853934,-11.580831113717068,27.28128841013131
717,0.5934015553430072,9.102766857117786,6.4483241340512905
718,0.20142289542854996,9.584429744422778,12.43246185139651
719,-24.047910548099026,-49.987662253302915,29.44617296553224
720,10.259301834812504,-1.8382299584591237,20.241439523611916
721,9.542840374258958,-32.76342794350512,21.193070336474193
722,-38.3183181758468,-35.84046641939676,10.338115511886826
723,9.392224900674591,-56.08882686724519,28.369258100783554
724,4.190741921076551,9.541757580543162,19.09222407983907
725,10.649185154057704,5.613696760808125,34.04330873940489
726,-41.59215559409131,-35.98992146141609,23.076435897870397
727,-9.140241382492604,-65.86352834001991,16.015539845784588
728,0.5553755737701067,10.106036590260373,32.34740445660282
729,-71.04775010038611,-1.2034985846294148,4.815544480394237
730,-66.95860518839618,-6.965615972776504,17.681503519153466
731,4.481713652523467,-70.02940379904248,35.47767014105102
732,10.573546306534809,3.7908699352137774,7.691052286889317
733,10.254716703181657,8.338934168942615,7.313520705021801
734,8.697260296515196,-52.69015739211227,14.888244813928395
735,-70.7155595543627,3.6960022546081746,24.089835095161106
736,10.241977615582073,-1.2723890725901583,20.168097570553073
737,-14.833750720632452,-59.87417971273135,35.3284017654405
738,1.9525991073824116,-70.48273877252177,21.70120659553595
739,9.822259771172867,7.547560748662363,26.441032623186402
740,-48.56434874786464,8.373429611812753,17.962308220750856
741,10.551334811898414,-23.938058913459827,33.70339296675047
742,9.259956019001038,-43.827250215545064,21.121461188542526
743,10.255027083127061,-46.30682941838131,35.64721432546594
744,2.960599704123524,-69.91364497459472,21.727487098738493
745,7.252850401886462,-62.210890816128995,15.415762286718746
746,-36.7933581206089,9.742895918236172,31.1296499846394
747,10.011755639592593,8.585188460012432,1.0297191647887303
748,6.865715345832541,9.552324668939036,12.8849425056178
749,10.182324830983816,-3.459474468325425,26.9555749318788
750,10.24143954651663,-6.599711610133454,27.05354407719642
751,10.18285315601679,8.522909893725227,7.291300625616714
752,-31.539086769524147,9.257489646528484,17.820444986264192
753,-10.495616779771808,-65.03287650742641,29.016012779597077
754,9.818902780883036,9.058100436026507,7.193303503712741
755,7.3541870439021295,-63.014103979562606,35.48113485581598
756,-21.31069540829776,9.95996121645112,25.24171363732421
757,10.512591580767548,-0.864060540257924,7.852066019868289
758,-31.693715878023795,-41.94955928799027,16.714777899754154
759,10.128061436076678,-7.4652845183773024,20.675650188068175
760,-44.01515782774368,-29.828154665467082,10.769877628227732
761,-71.44307507921985,1.3469804850319633,19.058843980144957
762,10.976448241224716,-38.839471537844474,-0.5971508751295005
763,-38.710043619901626,9.498999382949478,31.08561696081597
764,10.266323154068232,-2.558441661296456,20.3318251554756
765,10.17519005806571,1.5530555135756003,20.10839959193254
766,-70.09329267561588,3.462624499325102,11.194109952847612
767,2.040067582364827,9.705965617644324,12.566743032235536
768,-5.0782261783206195,-67.98704520825959,28.62242001912273
769,-56.68594387447956,-19.55823945564407,22.833739406905806
770,-49.22912964101852,-24.794576600183063,23.01125121473342
771,-0.7438629622920416,-71.61449067828289,21.591018241590064
772,-70.84478311147905,-1.2854942936028237,23.364977400206044
773,10.179118295186527,-3.459227126226324,26.95510029826619
774,-29.05226136779129,9.411979442709708,18.02481807989716
775,10.521511297183679,6.85899650358715,33.96388723207201
776,-6.336718227964411,9.23998153262437,12.094918162731119
777,6.527196842012927,-64.26024735775627,2.455396934352393
778,6.935053013781726,-63.19135392274438,15.447445184078788
779,10.409302774270145,7.838886056478259,33.857720680634884
780,-68.29159982354031,-6.981025671255338,23.86950120254187
781,-10.054487156254254,9.47516321987041,12.441262585680306
782,-20.173306977590983,10.763147094927263,32.04140853884019
783,-61.58363422251932,8.610185426967291,11.923604301351588
784,-24.104344329587548,11.103570788178331,32.10636782568872
785,-50.84974537672679,-22.902286262058624,10.847903883901381
786,-51.00472006709606,-23.22592345566227,23.089803774433676
787,9.585842128780314,-29.054624145027447,14.625075074720371
788,-29.867570600550607,9.178904499500277,5.188530361881931
789,8.220309055393045,10.673651632919245,33.32158441475258
790,7.446066467478886,9.528192598525493,12.900862634407531
791,-20.969842467786293,-52.07979744107888,23.45045374896199
792,-15.603005857426979,-59.2010696610314,9.970454141781374
793,-30.416196253325325,-44.59351390532811,3.496323368451158
794,-63.84569140502572,-11.26817459483209,30.511441993019616
795,7.8195736146917625,-59.042251902994394,21.958038119654702
796,-4.41910346300665,9.055780792843507,11.998568212255122
797,9.807373014199584,5.983843839430847,26.383693128755112
798,10.446929135940081,-10.456244836337646,8.102899336723567
799,2.2451284270064207,9.430601572005799,6.486154905338481
800,8.923660289140571,-50.04322640251712,2.1693541495687896
801,-12.030439929299973,-63.37287850640496,3.2192633890172146
802,-70.24644164042911,-2.792960990813299,4.846436577126042
803,4.353938765903877,-67.87132087753707,8.599525501286735
804,10.574234397004147,-24.892281857972193,33.57156218885211
805,9.980819859947587,-17.24652035786312,20.309690802994737
806,-39.210261059717595,-34.24737847100732,16.947698699736975
807,10.503847715391203,3.4353812237150123,33.76863348846928
808,9.708544769227956,-29.54554010330594,27.39414192133154
809,9.867482446786198,3.907707447282519,26.491781972172248
810,-5.493572488941936,9.742447835858002,18.83685936289112
811,10.613219298450531,-17.739580184498664,34.33911941914994
812,-21.920508089693612,9.518852400948163,18.515613810212017
813,-67.32595955706165,7.0123709865620185,6.484464468636361
814,-71.30321736847327,2.8614152064401424,24.04277971470583
815,-54.20699778245762,-21.371237873372593,29.517538569289172
816,10.580990366162041,3.997773237637375,7.6966790561909875
817,-45.49220413598596,-29.457273895674007,23.294298954217084
818,10.5263059662866,5.39726197078835,1.2606448010101303
819,-13.449236526092136,9.45024690432092,5.9121116344813345
820,-59.356563238332456,8.67076217237809,11.829809219432718
821,6.275584270908439,-66.77752418745695,28.608062008249362
822,-4.340615446438278,9.677512865202516,18.861346415613298
823,6.959883531912055,-62.96032407909206,2.4644219770671043
824,10.510077905692924,2.194703863329778,33.62849886472941
825,10.525109937757406,1.9432686662221386,33.614987690851194
826,9.800790608122952,9.253880534617565,13.319470409649512
827,10.110614416387762,-10.45494387618237,1.0234642189934675
828,-69.77077813800861,5.1157116180656885,5.828707759750614
829,-64.59851408219765,6.414789389400539,31.43382819573526
830,10.542650875630898,6.709904592269595,33.97838350658094
831,9.766864880554749,8.31261806681232,26.416632115873654
832,10.349071927555087,7.854429594321118,1.2482276004884625
833,-3.565579736012296,-70.47424548974777,2.5612623743454606
834,-65.20241217719285,-8.1617588274039,11.711576900055661
835,-71.67229086459338,2.327824479798437,5.227354677045696
836,-11.684974800793498,9.7249904338114,31.6766620956696
837,10.497755653925196,-1.8730599534210342,14.064012623644885
838,5.808373634423333,-65.93937331789857,2.4558059693654286
839,10.464230142779343,7.111959083990769,7.426659943530467
840,10.491277845348122,-33.080126591078624,34.217465078701935
841,9.621148670069488,-31.86737006567273,27.581272230132527
842,-21.42633537830443,9.545138250134187,18.517811362806242
843,-23.18829989043479,9.537805895480233,5.742529576733432
844,-22.043148660468432,11.028781093749785,32.174015251295714
845,2.6693342094458785,-70.96115030700821,15.560912233616364
846,-4.283223646177248,9.066498730236162,12.004067090741955
847,-31.236359903352422,10.146752084872787,31.67020197500642
848,9.988585603842694,9.10816448355581,13.382109506346751
849,-22.640097757093827,-52.41942296502475,9.828151833582524
850,8.296017955217394,9.49079048717158,26.08211652222053
851,-19.484619674492933,-54.9474994477705,16.69678173090415
852,-14.40717873880567,9.483679528876564,5.88135651810444
853,-0.9051247297411464,-70.50942523689628,8.75425839428135
854,10.442634532818374,7.832940467660592,13.602039763647554
855,10.316876549053632,-4.714710164313146,7.9593396404634404
856,9.823893509239497,7.878571100483896,26.439932774832414
857,-10.003309101305604,9.36266877095386,6.153272045266931
858,10.439253089781232,7.40453945101126,33.902980471053525
859,-71.56836557858333,1.6106765239710512,31.28787038151677
860,-49.46099506910832,8.313546139401296,17.98746703200777
861,9.804593519074842,8.093055926425222,26.43228136230391
862,7.07584207700711,9.534039932525047,12.886340108358127
863,-26.39571628446538,9.577325374548309,24.676364496233873
864,-71.2578026600786,2.9851696870973683,24.059846707714314
865,10.267855650943602,-3.6641011221126973,20.47276359866919
866,9.83664723351012,7.630168880252313,26.443313110290546
867,-69.21916954111657,-4.834321821719641,30.709923397613238
868,3.9595104443997116,-70.53095324850256,35.477492171347876
869,10.443531703567714,-0.22183623154705856,14.021470774923728
870,9.877548659101194,3.4214914258573117,26.55458576113233
871,6.84666568614557,-63.3323173993158,2.4609150091550873
872,-3.239132825339766,-69.66283333275351,9.183497814250586
873,10.555092296869589,4.447490511843171,1.238057275502797
874,-22.602904794188362,-52.47183164341732,9.820581254858553
875,1.3092969082499621,10.11349203822283,32.44223576277
876,-19.020355648781333,-55.45908257087467,16.691045879637386
877,-2.1661413262290807,10.017133920298875,25.732249102558853
878,10.478710913450413,-10.295400647519273,20.49392507995799
879,-2.094963726347487,9.610914980054076,18.933845898043728
880,-17.04341234302956,9.96980886849633,25.300814132908272
881,10.510044656713944,-1.0595888587613445,7.859232286849874
882,-29.82588326388577,10.154721552336923,31.6445583950117
883,9.465205692925338,-35.07270765864905,8.014044832140826
884,-68.93130961572206,-3.8710935324652382,18.417629911434233
885,9.631741709673406,-34.33711504808434,27.766000585437723
886,10.111725526257942,-16.85838190142931,13.908638916907876
887,9.901530429104241,-22.094057603628244,14.315087013750599
888,-16.206818550917887,-57.97138546155384,23.010517907267968
889,3.4442583241871034,9.69993013050771,12.644165001367583
890,-70.71805252064587,-0.6393968022821355,18.775176068511428
891,9.413188587829609,-36.140057821749906,7.92682002474794
892,3.5799063145614127,9.701943663783823,25.71651457562075
893,-69.80954265795117,-3.826451077415186,11.630672770118963
894,10.511642494871921,-11.761658757508485,14.275282071692345
895,-1.2509273916466555,10.060043408992897,25.781444324666154
896,-26.019651018696095,9.404603358883833,5.582047048015738
897,5.872822729510517,9.110204575697935,-0.05145777928919415
898,5.064245630441292,-69.41261705393845,28.751736083995638
899,-68.78326049855787,5.270666671454819,11.275554011803251
